B2C_MU_03,MU,WNZ,PEK,2019-01-29,MU5293,E,1390.0,10,折扣经济舱,2019-01-03 16:12:48 427
B2C_MU_03,MU,WNZ,PEK,2019-01-29,MU5293,N,1050.0,10,折扣经济舱,2019-01-03 16:12:48 427
B2C_MU_03,MU,WNZ,PEK,2019-01-29,MU5293,V,720.0,10,折扣经济舱,2019-01-03 16:12:48 427
B2C_MU_03,MU,WNZ,PEK,2019-01-29,MU5293,F,4920.0,10,标准头等舱,2019-01-03 16:12:48 427
B2C_MU_03,MU,WNZ,PEK,2019-01-29,MU5293,J,3770.0,2,标准公务舱,2019-01-03 16:12:48 427
B2C_MU_03,MU,WNZ,PEK,2019-01-29,MU5293,Y,1640.0,10,标准经济舱,2019-01-03 16:12:48 427
B2C_MU_03,MU,ZUH,CTU,2019-01-29,MU5596,F,5580.0,6,标准头等舱,2019-01-03 16:12:48 461
B2C_MU_03,MU,ZUH,CTU,2019-01-29,MU5596,J,4650.0,1,标准公务舱,2019-01-03 16:12:48 461
B2C_MU_03,MU,ZUH,CTU,2019-01-29,MU5596,Y,1550.0,10,标准经济舱,2019-01-03 16:12:48 534
B2C_MU_03,MU,TAO,SHE,2019-01-29,MU5481,F,2000.0,4,标准头等舱,2019-01-03 16:12:48 930
B2C_MU_03,MU,TAO,SHE,2019-01-29,MU5481,J,1600.0,2,标准公务舱,2019-01-03 16:12:48 930
B2C_MU_03,MU,TAO,SHE,2019-01-29,MU5481,Y,800.0,10,标准经济舱,2019-01-03 16:12:48 930
B2C_MU_03,MU,TAO,SHA,2019-01-29,MU5578,P,1800.0,4,超值头等舱,2019-01-03 16:12:48 974
B2C_MU_03,MU,TAO,SHA,2019-01-29,MU5578,I,1260.0,4,折扣公务舱,2019-01-03 16:12:48 974
B2C_MU_03,MU,TAO,SHA,2019-01-29,MU5578,E,1060.0,10,折扣经济舱,2019-01-03 16:12:48 974
B2C_MU_03,MU,TAO,SHA,2019-01-29,MU5578,N,810.0,10,折扣经济舱,2019-01-03 16:12:48 974
B2C_MU_03,MU,TAO,SHA,2019-01-29,MU5578,V,550.0,10,折扣经济舱,2019-01-03 16:12:48 974
B2C_MU_03,MU,TAO,SHA,2019-01-29,MU5578,T,440.0,10,折扣经济舱,2019-01-03 16:12:48 974
B2C_MU_03,MU,TAO,SHA,2019-01-29,MU5578,Z,370.0,10,超值经济舱,2019-01-03 16:12:48 974
B2C_MU_03,MU,TAO,SHA,2019-01-29,MU5578,F,5040.0,4,标准头等舱,2019-01-03 16:12:48 974
B2C_MU_03,MU,TAO,SHA,2019-01-29,MU5578,J,4910.0,4,标准公务舱,2019-01-03 16:12:48 974
B2C_MU_03,MU,TAO,SHA,2019-01-29,MU5578,Y,1260.0,10,标准经济舱,2019-01-03 16:12:48 974
B2C_MU_03,MU,TAO,PVG,2019-01-29,MU5573,P,1960.0,4,超值头等舱,2019-01-03 16:12:48 974
B2C_MU_03,MU,TAO,PVG,2019-01-29,MU5573,D,3130.0,4,折扣公务舱,2019-01-03 16:12:48 975
B2C_MU_03,MU,TAO,PVG,2019-01-29,MU5573,E,1060.0,10,折扣经济舱,2019-01-03 16:12:48 975
B2C_MU_03,MU,TAO,PVG,2019-01-29,MU5573,N,810.0,10,折扣经济舱,2019-01-03 16:12:48 975
B2C_MU_03,MU,TAO,PVG,2019-01-29,MU5573,V,550.0,10,折扣经济舱,2019-01-03 16:12:48 975
B2C_MU_03,MU,TAO,PVG,2019-01-29,MU5573,T,400.0,10,折扣经济舱,2019-01-03 16:12:48 975
B2C_MU_03,MU,TAO,PVG,2019-01-29,MU5573,Z,240.0,10,超值经济舱,2019-01-03 16:12:48 975
B2C_MU_03,MU,TAO,PVG,2019-01-29,MU5573,F,5040.0,4,标准头等舱,2019-01-03 16:12:48 975
B2C_MU_03,MU,TAO,PVG,2019-01-29,MU5573,J,4910.0,4,标准公务舱,2019-01-03 16:12:48 975
B2C_MU_03,MU,TAO,PVG,2019-01-29,MU5573,Y,1260.0,10,标准经济舱,2019-01-03 16:12:48 975
B2C_MU_03,MU,TAO,SHA,2019-01-29,MU5516,P,1800.0,4,超值头等舱,2019-01-03 16:12:48 975
B2C_MU_03,MU,TAO,SHA,2019-01-29,MU5516,I,1260.0,8,折扣公务舱,2019-01-03 16:12:48 975
B2C_MU_03,MU,TAO,SHA,2019-01-29,MU5516,E,1060.0,10,折扣经济舱,2019-01-03 16:12:48 975
B2C_MU_03,MU,TAO,SHA,2019-01-29,MU5516,N,810.0,10,折扣经济舱,2019-01-03 16:12:48 975
B2C_MU_03,MU,TAO,SHA,2019-01-29,MU5516,V,550.0,10,折扣经济舱,2019-01-03 16:12:48 975
B2C_MU_03,MU,TAO,SHA,2019-01-29,MU5516,T,440.0,10,折扣经济舱,2019-01-03 16:12:48 975
B2C_MU_03,MU,TAO,SHA,2019-01-29,MU5516,Z,370.0,10,超值经济舱,2019-01-03 16:12:48 976
B2C_MU_03,MU,TAO,SHA,2019-01-29,MU5516,F,5040.0,4,标准头等舱,2019-01-03 16:12:48 976
B2C_MU_03,MU,TAO,SHA,2019-01-29,MU5516,J,4910.0,8,标准公务舱,2019-01-03 16:12:48 976
B2C_MU_03,MU,TAO,SHA,2019-01-29,MU5516,Y,1260.0,10,标准经济舱,2019-01-03 16:12:48 976
B2C_MU_03,MU,TAO,SHA,2019-01-29,MU5514,P,1800.0,4,超值头等舱,2019-01-03 16:12:48 976
B2C_MU_03,MU,TAO,SHA,2019-01-29,MU5514,Q,1320.0,4,折扣公务舱,2019-01-03 16:12:48 976
B2C_MU_03,MU,TAO,SHA,2019-01-29,MU5514,E,1060.0,10,折扣经济舱,2019-01-03 16:12:48 976
B2C_MU_03,MU,TAO,SHA,2019-01-29,MU5514,N,810.0,10,折扣经济舱,2019-01-03 16:12:48 976
B2C_MU_03,MU,TAO,SHA,2019-01-29,MU5514,V,550.0,10,折扣经济舱,2019-01-03 16:12:48 976
B2C_MU_03,MU,TAO,SHA,2019-01-29,MU5514,T,440.0,10,折扣经济舱,2019-01-03 16:12:48 976
B2C_MU_03,MU,TAO,SHA,2019-01-29,MU5514,F,5040.0,4,标准头等舱,2019-01-03 16:12:48 976
B2C_MU_03,MU,TAO,SHA,2019-01-29,MU5514,J,4910.0,4,标准公务舱,2019-01-03 16:12:48 976
B2C_MU_03,MU,TAO,SHA,2019-01-29,MU5514,Y,1260.0,10,标准经济舱,2019-01-03 16:12:48 976
B2C_MU_03,MU,TAO,SHA,2019-01-29,MU9218,P,1800.0,4,超值头等舱,2019-01-03 16:12:48 976
B2C_MU_03,MU,TAO,SHA,2019-01-29,MU9218,Q,1320.0,4,折扣公务舱,2019-01-03 16:12:48 976
B2C_MU_03,MU,TAO,SHA,2019-01-29,MU9218,W,1260.0,10,超级经济舱,2019-01-03 16:12:48 976
B2C_MU_03,MU,TAO,SHA,2019-01-29,MU9218,E,1060.0,10,折扣经济舱,2019-01-03 16:12:48 977
B2C_MU_03,MU,TAO,SHA,2019-01-29,MU9218,N,810.0,10,折扣经济舱,2019-01-03 16:12:48 977
B2C_MU_03,MU,TAO,SHA,2019-01-29,MU9218,V,550.0,10,折扣经济舱,2019-01-03 16:12:48 977
B2C_MU_03,MU,TAO,SHA,2019-01-29,MU9218,F,5040.0,4,标准头等舱,2019-01-03 16:12:48 977
B2C_MU_03,MU,TAO,SHA,2019-01-29,MU9218,J,4910.0,4,标准公务舱,2019-01-03 16:12:48 977
B2C_MU_03,MU,TAO,SHA,2019-01-29,MU9218,Y,1260.0,10,标准经济舱,2019-01-03 16:12:48 977
B2C_MU_03,MU,TAO,SHA,2019-01-29,MU5518,P,1800.0,7,超值头等舱,2019-01-03 16:12:48 977
B2C_MU_03,MU,TAO,SHA,2019-01-29,MU5518,Q,1320.0,5,折扣公务舱,2019-01-03 16:12:48 977
B2C_MU_03,MU,TAO,SHA,2019-01-29,MU5518,E,1060.0,10,折扣经济舱,2019-01-03 16:12:48 977
B2C_MU_03,MU,TAO,SHA,2019-01-29,MU5518,N,810.0,10,折扣经济舱,2019-01-03 16:12:48 977
B2C_MU_03,MU,TAO,SHA,2019-01-29,MU5518,V,550.0,10,折扣经济舱,2019-01-03 16:12:48 977
B2C_MU_03,MU,TAO,SHA,2019-01-29,MU5518,F,5040.0,7,标准头等舱,2019-01-03 16:12:48 977
B2C_MU_03,MU,TAO,SHA,2019-01-29,MU5518,J,4910.0,5,标准公务舱,2019-01-03 16:12:48 977
B2C_MU_03,MU,TAO,SHA,2019-01-29,MU5518,Y,1260.0,10,标准经济舱,2019-01-03 16:12:48 977
B2C_MU_03,MU,TAO,SHA,2019-01-29,MU5520,P,1800.0,4,超值头等舱,2019-01-03 16:12:48 977
B2C_MU_03,MU,TAO,SHA,2019-01-29,MU5520,Q,1320.0,3,折扣公务舱,2019-01-03 16:12:48 977
B2C_MU_03,MU,TAO,SHA,2019-01-29,MU5520,E,1060.0,10,折扣经济舱,2019-01-03 16:12:48 977
B2C_MU_03,MU,TAO,SHA,2019-01-29,MU5520,N,810.0,10,折扣经济舱,2019-01-03 16:12:48 977
B2C_MU_03,MU,TAO,SHA,2019-01-29,MU5520,V,550.0,10,折扣经济舱,2019-01-03 16:12:48 978
B2C_MU_03,MU,TAO,SHA,2019-01-29,MU5520,F,5040.0,4,标准头等舱,2019-01-03 16:12:48 978
B2C_MU_03,MU,TAO,SHA,2019-01-29,MU5520,J,4910.0,3,标准公务舱,2019-01-03 16:12:48 978
B2C_MU_03,MU,TAO,SHA,2019-01-29,MU5520,Y,1260.0,10,标准经济舱,2019-01-03 16:12:48 978
B2C_MU_03,MU,TAO,SHA,2019-01-29,MU9230,P,1800.0,2,超值头等舱,2019-01-03 16:12:48 978
B2C_MU_03,MU,TAO,SHA,2019-01-29,MU9230,C,3650.0,1,折扣公务舱,2019-01-03 16:12:48 978
B2C_MU_03,MU,TAO,SHA,2019-01-29,MU9230,E,1060.0,10,折扣经济舱,2019-01-03 16:12:48 978
B2C_MU_03,MU,TAO,SHA,2019-01-29,MU9230,N,810.0,5,折扣经济舱,2019-01-03 16:12:48 978
B2C_MU_03,MU,TAO,SHA,2019-01-29,MU9230,F,5040.0,4,标准头等舱,2019-01-03 16:12:48 978
B2C_MU_03,MU,TAO,SHA,2019-01-29,MU9230,J,4910.0,3,标准公务舱,2019-01-03 16:12:48 978
B2C_MU_03,MU,TAO,SHA,2019-01-29,MU9230,Y,1260.0,10,标准经济舱,2019-01-03 16:12:48 978
B2C_MU_03,MU,TAO,SHA,2019-01-29,MU5524,P,1800.0,3,超值头等舱,2019-01-03 16:12:48 978
B2C_MU_03,MU,TAO,SHA,2019-01-29,MU5524,Q,1320.0,8,折扣公务舱,2019-01-03 16:12:48 978
B2C_MU_03,MU,TAO,SHA,2019-01-29,MU5524,E,1060.0,10,折扣经济舱,2019-01-03 16:12:48 978
B2C_MU_03,MU,TAO,SHA,2019-01-29,MU5524,N,810.0,10,折扣经济舱,2019-01-03 16:12:48 978
B2C_MU_03,MU,TAO,SHA,2019-01-29,MU5524,V,550.0,10,折扣经济舱,2019-01-03 16:12:48 978
B2C_MU_03,MU,TAO,SHA,2019-01-29,MU5524,F,5040.0,3,标准头等舱,2019-01-03 16:12:48 978
B2C_MU_03,MU,TAO,SHA,2019-01-29,MU5524,J,4910.0,8,标准公务舱,2019-01-03 16:12:48 979
B2C_MU_03,MU,TAO,SHA,2019-01-29,MU5524,Y,1260.0,10,标准经济舱,2019-01-03 16:12:48 979
B2C_MU_03,MU,TAO,SHA,2019-01-29,MU5556,P,1800.0,4,超值头等舱,2019-01-03 16:12:48 979
B2C_MU_03,MU,TAO,SHA,2019-01-29,MU5556,Q,1320.0,4,折扣公务舱,2019-01-03 16:12:48 979
B2C_MU_03,MU,TAO,SHA,2019-01-29,MU5556,E,1060.0,10,折扣经济舱,2019-01-03 16:12:48 979
B2C_MU_03,MU,TAO,SHA,2019-01-29,MU5556,N,810.0,10,折扣经济舱,2019-01-03 16:12:48 979
B2C_MU_03,MU,TAO,SHA,2019-01-29,MU5556,V,550.0,10,折扣经济舱,2019-01-03 16:12:48 979
B2C_MU_03,MU,TAO,SHA,2019-01-29,MU5556,F,5040.0,4,标准头等舱,2019-01-03 16:12:48 979
B2C_MU_03,MU,TAO,SHA,2019-01-29,MU5556,J,4910.0,4,标准公务舱,2019-01-03 16:12:48 979
B2C_MU_03,MU,TAO,SHA,2019-01-29,MU5556,Y,1260.0,10,标准经济舱,2019-01-03 16:12:48 979
B2C_MU_03,MU,TAO,PVG,2019-01-29,MU5522,E,1060.0,10,折扣经济舱,2019-01-03 16:12:48 979
B2C_MU_03,MU,TAO,PVG,2019-01-29,MU5522,N,810.0,10,折扣经济舱,2019-01-03 16:12:48 979
B2C_MU_03,MU,TAO,PVG,2019-01-29,MU5522,V,550.0,10,折扣经济舱,2019-01-03 16:12:48 979
B2C_MU_03,MU,TAO,PVG,2019-01-29,MU5522,F,5040.0,5,标准头等舱,2019-01-03 16:12:48 979
B2C_MU_03,MU,TAO,PVG,2019-01-29,MU5522,J,4910.0,1,标准公务舱,2019-01-03 16:12:48 979
B2C_MU_03,MU,TAO,PVG,2019-01-29,MU5522,Y,1260.0,10,标准经济舱,2019-01-03 16:12:48 980
B2C_MU_03,MU,TAO,SHA,2019-01-29,MU9170,P,1800.0,2,超值头等舱,2019-01-03 16:12:48 980
B2C_MU_03,MU,TAO,SHA,2019-01-29,MU9170,C,3650.0,1,折扣公务舱,2019-01-03 16:12:48 980
B2C_MU_03,MU,TAO,SHA,2019-01-29,MU9170,E,1060.0,10,折扣经济舱,2019-01-03 16:12:48 980
B2C_MU_03,MU,TAO,SHA,2019-01-29,MU9170,N,810.0,10,折扣经济舱,2019-01-03 16:12:48 980
B2C_MU_03,MU,TAO,SHA,2019-01-29,MU9170,R,680.0,10,折扣经济舱,2019-01-03 16:12:48 980
B2C_MU_03,MU,TAO,SHA,2019-01-29,MU9170,F,5040.0,4,标准头等舱,2019-01-03 16:12:48 980
B2C_MU_03,MU,TAO,SHA,2019-01-29,MU9170,J,4910.0,4,标准公务舱,2019-01-03 16:12:48 980
B2C_MU_03,MU,TAO,SHA,2019-01-29,MU9170,Y,1260.0,10,标准经济舱,2019-01-03 16:12:48 980
B2C_MU_03,MU,NGB,PEK,2019-01-29,MU5177,F,4140.0,6,标准头等舱,2019-01-03 16:12:49 273
B2C_MU_03,MU,NGB,PEK,2019-01-29,MU5177,J,3170.0,6,标准公务舱,2019-01-03 16:12:49 273
B2C_MU_03,MU,NGB,PEK,2019-01-29,MU5177,Y,1380.0,10,标准经济舱,2019-01-03 16:12:49 273
B2C_MU_03,MU,NGB,PEK,2019-01-29,MU5150,B,1370.0,10,折扣经济舱,2019-01-03 16:12:49 273
B2C_MU_03,MU,NGB,PEK,2019-01-29,MU5150,F,4140.0,8,标准头等舱,2019-01-03 16:12:49 273
B2C_MU_03,MU,NGB,PEK,2019-01-29,MU5150,J,3170.0,10,标准公务舱,2019-01-03 16:12:49 273
B2C_MU_03,MU,NGB,PEK,2019-01-29,MU5150,Y,1380.0,10,标准经济舱,2019-01-03 16:12:49 274
B2C_MU_03,MU,NGB,PEK,2019-01-29,MU5179,E,1170.0,10,折扣经济舱,2019-01-03 16:12:49 274
B2C_MU_03,MU,NGB,PEK,2019-01-29,MU5179,N,880.0,10,折扣经济舱,2019-01-03 16:12:49 274
B2C_MU_03,MU,NGB,PEK,2019-01-29,MU5179,F,4140.0,4,标准头等舱,2019-01-03 16:12:49 274
B2C_MU_03,MU,NGB,PEK,2019-01-29,MU5179,J,3170.0,4,标准公务舱,2019-01-03 16:12:49 274
B2C_MU_03,MU,NGB,PEK,2019-01-29,MU5179,Y,1380.0,10,标准经济舱,2019-01-03 16:12:49 274
B2C_MU_03,MU,NGB,PEK,2019-01-29,MU5168,E,1170.0,10,折扣经济舱,2019-01-03 16:12:49 274
B2C_MU_03,MU,NGB,PEK,2019-01-29,MU5168,N,880.0,10,折扣经济舱,2019-01-03 16:12:49 274
B2C_MU_03,MU,NGB,PEK,2019-01-29,MU5168,F,4140.0,3,标准头等舱,2019-01-03 16:12:49 274
B2C_MU_03,MU,NGB,PEK,2019-01-29,MU5168,J,3170.0,4,标准公务舱,2019-01-03 16:12:49 274
B2C_MU_03,MU,NGB,PEK,2019-01-29,MU5168,Y,1380.0,10,标准经济舱,2019-01-03 16:12:49 274
B2C_MU_03,MU,TNA,KMG,2019-01-29,MU5327,E,1790.0,10,折扣经济舱,2019-01-03 16:12:50 895
B2C_MU_03,MU,TNA,KMG,2019-01-29,MU5327,L,1210.0,10,折扣经济舱,2019-01-03 16:12:50 895
B2C_MU_03,MU,TNA,KMG,2019-01-29,MU5327,F,4760.0,6,标准头等舱,2019-01-03 16:12:50 895
B2C_MU_03,MU,TNA,KMG,2019-01-29,MU5327,J,3570.0,2,标准公务舱,2019-01-03 16:12:50 895
B2C_MU_03,MU,TNA,KMG,2019-01-29,MU5327,Y,2380.0,10,标准经济舱,2019-01-03 16:12:50 895
B2C_MU_03,MU,TNA,KMG,2019-01-29,MU5471,P,1710.0,3,超值头等舱,2019-01-03 16:12:50 895
B2C_MU_03,MU,TNA,KMG,2019-01-29,MU5471,I,1710.0,2,折扣公务舱,2019-01-03 16:12:50 895
B2C_MU_03,MU,TNA,KMG,2019-01-29,MU5471,E,1790.0,10,折扣经济舱,2019-01-03 16:12:50 895
B2C_MU_03,MU,TNA,KMG,2019-01-29,MU5471,N,960.0,10,折扣经济舱,2019-01-03 16:12:50 896
B2C_MU_03,MU,TNA,KMG,2019-01-29,MU5471,R,850.0,10,折扣经济舱,2019-01-03 16:12:50 896
B2C_MU_03,MU,TNA,KMG,2019-01-29,MU5471,F,4760.0,5,标准头等舱,2019-01-03 16:12:50 896
B2C_MU_03,MU,TNA,KMG,2019-01-29,MU5471,J,3570.0,2,标准公务舱,2019-01-03 16:12:50 896
B2C_MU_03,MU,TNA,KMG,2019-01-29,MU5471,Y,2380.0,10,标准经济舱,2019-01-03 16:12:50 896
B2C_MU_03,MU,DYG,PVG,2019-01-29,MU9344,P,1260.0,1,超值头等舱,2019-01-03 16:12:51 193
B2C_MU_03,MU,DYG,PVG,2019-01-29,MU9344,I,1170.0,1,折扣公务舱,2019-01-03 16:12:51 194
B2C_MU_03,MU,DYG,PVG,2019-01-29,MU9344,E,1120.0,10,折扣经济舱,2019-01-03 16:12:51 194
B2C_MU_03,MU,DYG,PVG,2019-01-29,MU9344,H,380.0,10,折扣经济舱,2019-01-03 16:12:51 194
B2C_MU_03,MU,DYG,PVG,2019-01-29,MU9344,K,980.0,10,折扣经济舱,2019-01-03 16:12:51 194
B2C_MU_03,MU,DYG,PVG,2019-01-29,MU9344,T,300.0,10,折扣经济舱,2019-01-03 16:12:51 194
B2C_MU_03,MU,DYG,PVG,2019-01-29,MU9344,F,3220.0,4,标准头等舱,2019-01-03 16:12:51 194
B2C_MU_03,MU,DYG,PVG,2019-01-29,MU9344,J,2800.0,4,标准公务舱,2019-01-03 16:12:51 194
B2C_MU_03,MU,DYG,PVG,2019-01-29,MU9344,Y,1400.0,0,白金卡会员专享国内经济舱,2019-01-03 16:12:51 195
B2C_MU_03,MU,DYG,PVG,2019-01-29,MU5376,P,1260.0,1,超值头等舱,2019-01-03 16:12:51 195
B2C_MU_03,MU,DYG,PVG,2019-01-29,MU5376,I,1170.0,1,折扣公务舱,2019-01-03 16:12:51 195
B2C_MU_03,MU,DYG,PVG,2019-01-29,MU5376,E,1120.0,10,折扣经济舱,2019-01-03 16:12:51 195
B2C_MU_03,MU,DYG,PVG,2019-01-29,MU5376,H,270.0,10,折扣经济舱,2019-01-03 16:12:51 195
B2C_MU_03,MU,DYG,PVG,2019-01-29,MU5376,N,840.0,10,折扣经济舱,2019-01-03 16:12:51 195
B2C_MU_03,MU,DYG,PVG,2019-01-29,MU5376,R,700.0,10,折扣经济舱,2019-01-03 16:12:51 195
B2C_MU_03,MU,DYG,PVG,2019-01-29,MU5376,T,180.0,10,折扣经济舱,2019-01-03 16:12:51 195
B2C_MU_03,MU,DYG,PVG,2019-01-29,MU5376,F,3220.0,4,标准头等舱,2019-01-03 16:12:51 195
B2C_MU_03,MU,DYG,PVG,2019-01-29,MU5376,J,2800.0,4,标准公务舱,2019-01-03 16:12:51 195
B2C_MU_03,MU,DYG,PVG,2019-01-29,MU5376,Y,1400.0,0,白金卡会员专享国内经济舱,2019-01-03 16:12:51 195
B2C_MU_03,MU,DYG,PVG,2019-01-29,MU9342,P,1260.0,1,超值头等舱,2019-01-03 16:12:51 195
B2C_MU_03,MU,DYG,PVG,2019-01-29,MU9342,I,1170.0,1,折扣公务舱,2019-01-03 16:12:51 195
B2C_MU_03,MU,DYG,PVG,2019-01-29,MU9342,E,1120.0,10,折扣经济舱,2019-01-03 16:12:51 196
B2C_MU_03,MU,DYG,PVG,2019-01-29,MU9342,H,260.0,10,折扣经济舱,2019-01-03 16:12:51 196
B2C_MU_03,MU,DYG,PVG,2019-01-29,MU9342,N,840.0,10,折扣经济舱,2019-01-03 16:12:51 196
B2C_MU_03,MU,DYG,PVG,2019-01-29,MU9342,R,700.0,10,折扣经济舱,2019-01-03 16:12:51 196
B2C_MU_03,MU,DYG,PVG,2019-01-29,MU9342,T,170.0,10,折扣经济舱,2019-01-03 16:12:51 196
B2C_MU_03,MU,DYG,PVG,2019-01-29,MU9342,F,3220.0,4,标准头等舱,2019-01-03 16:12:51 196
B2C_MU_03,MU,DYG,PVG,2019-01-29,MU9342,J,2800.0,4,标准公务舱,2019-01-03 16:12:51 196
B2C_MU_03,MU,DYG,PVG,2019-01-29,MU9342,Y,1400.0,0,白金卡会员专享国内经济舱,2019-01-03 16:12:51 196
B2C_MU_03,MU,KMG,CTU,2019-01-29,MU5841,P,1550.0,4,超值头等舱,2019-01-03 16:12:51 286
B2C_MU_03,MU,KMG,CTU,2019-01-29,MU5841,I,1010.0,3,折扣公务舱,2019-01-03 16:12:51 286
B2C_MU_03,MU,KMG,CTU,2019-01-29,MU5841,E,1100.0,10,折扣经济舱,2019-01-03 16:12:51 286
B2C_MU_03,MU,KMG,CTU,2019-01-29,MU5841,N,840.0,10,折扣经济舱,2019-01-03 16:12:51 286
B2C_MU_03,MU,KMG,CTU,2019-01-29,MU5841,S,640.0,10,折扣经济舱,2019-01-03 16:12:51 286
B2C_MU_03,MU,KMG,CTU,2019-01-29,MU5841,F,4230.0,4,标准头等舱,2019-01-03 16:12:51 286
B2C_MU_03,MU,KMG,CTU,2019-01-29,MU5841,J,3100.0,3,标准公务舱,2019-01-03 16:12:51 286
B2C_MU_03,MU,KMG,CTU,2019-01-29,MU5841,Y,1550.0,10,标准经济舱,2019-01-03 16:12:51 286
B2C_MU_03,MU,KMG,CTU,2019-01-29,MU5843,P,1550.0,4,超值头等舱,2019-01-03 16:12:51 286
B2C_MU_03,MU,KMG,CTU,2019-01-29,MU5843,I,1010.0,4,折扣公务舱,2019-01-03 16:12:51 286
B2C_MU_03,MU,KMG,CTU,2019-01-29,MU5843,W,1550.0,10,超级经济舱,2019-01-03 16:12:51 286
B2C_MU_03,MU,KMG,CTU,2019-01-29,MU5843,E,1100.0,10,折扣经济舱,2019-01-03 16:12:51 286
B2C_MU_03,MU,KMG,CTU,2019-01-29,MU5843,N,840.0,10,折扣经济舱,2019-01-03 16:12:51 287
B2C_MU_03,MU,KMG,CTU,2019-01-29,MU5843,R,710.0,10,折扣经济舱,2019-01-03 16:12:51 287
B2C_MU_03,MU,KMG,CTU,2019-01-29,MU5843,F,4230.0,4,标准头等舱,2019-01-03 16:12:51 287
B2C_MU_03,MU,KMG,CTU,2019-01-29,MU5843,J,3100.0,4,标准公务舱,2019-01-03 16:12:51 287
B2C_MU_03,MU,KMG,CTU,2019-01-29,MU5843,Y,1550.0,10,标准经济舱,2019-01-03 16:12:51 287
B2C_MU_03,MU,KMG,CTU,2019-01-29,MU5845,P,1550.0,2,超值头等舱,2019-01-03 16:12:51 287
B2C_MU_03,MU,KMG,CTU,2019-01-29,MU5845,Q,1400.0,4,折扣公务舱,2019-01-03 16:12:51 287
B2C_MU_03,MU,KMG,CTU,2019-01-29,MU5845,E,1100.0,10,折扣经济舱,2019-01-03 16:12:51 287
B2C_MU_03,MU,KMG,CTU,2019-01-29,MU5845,N,840.0,10,折扣经济舱,2019-01-03 16:12:51 287
B2C_MU_03,MU,KMG,CTU,2019-01-29,MU5845,R,710.0,10,折扣经济舱,2019-01-03 16:12:51 287
B2C_MU_03,MU,KMG,CTU,2019-01-29,MU5845,F,4230.0,4,标准头等舱,2019-01-03 16:12:51 287
B2C_MU_03,MU,KMG,CTU,2019-01-29,MU5845,J,3100.0,4,标准公务舱,2019-01-03 16:12:51 287
B2C_MU_03,MU,KMG,CTU,2019-01-29,MU5845,Y,1550.0,10,标准经济舱,2019-01-03 16:12:51 287
B2C_MU_03,MU,KMG,CTU,2019-01-29,MU5847,C,1630.0,2,折扣公务舱,2019-01-03 16:12:51 287
B2C_MU_03,MU,KMG,CTU,2019-01-29,MU5847,W,1550.0,10,超级经济舱,2019-01-03 16:12:51 287
B2C_MU_03,MU,KMG,CTU,2019-01-29,MU5847,B,1530.0,10,折扣经济舱,2019-01-03 16:12:51 287
B2C_MU_03,MU,KMG,CTU,2019-01-29,MU5847,F,4230.0,3,标准头等舱,2019-01-03 16:12:51 287
B2C_MU_03,MU,KMG,CTU,2019-01-29,MU5847,J,3100.0,2,标准公务舱,2019-01-03 16:12:51 287
B2C_MU_03,MU,KMG,CTU,2019-01-29,MU5847,Y,1550.0,10,标准经济舱,2019-01-03 16:12:51 287
B2C_MU_03,MU,KMG,CTU,2019-01-29,MU5849,P,1550.0,2,超值头等舱,2019-01-03 16:12:51 287
B2C_MU_03,MU,KMG,CTU,2019-01-29,MU5849,I,1010.0,2,折扣公务舱,2019-01-03 16:12:51 287
B2C_MU_03,MU,KMG,CTU,2019-01-29,MU5849,W,1550.0,10,超级经济舱,2019-01-03 16:12:51 287
B2C_MU_03,MU,KMG,CTU,2019-01-29,MU5849,E,1100.0,10,折扣经济舱,2019-01-03 16:12:51 287
B2C_MU_03,MU,KMG,CTU,2019-01-29,MU5849,N,840.0,10,折扣经济舱,2019-01-03 16:12:51 287
B2C_MU_03,MU,KMG,CTU,2019-01-29,MU5849,R,710.0,10,折扣经济舱,2019-01-03 16:12:51 287
B2C_MU_03,MU,KMG,CTU,2019-01-29,MU5849,F,4230.0,4,标准头等舱,2019-01-03 16:12:51 288
B2C_MU_03,MU,KMG,CTU,2019-01-29,MU5849,J,3100.0,4,标准公务舱,2019-01-03 16:12:51 288
B2C_MU_03,MU,KMG,CTU,2019-01-29,MU5849,Y,1550.0,10,标准经济舱,2019-01-03 16:12:51 288
B2C_MU_03,MU,KMG,CTU,2019-01-29,MU5851,P,1550.0,2,超值头等舱,2019-01-03 16:12:51 288
B2C_MU_03,MU,KMG,CTU,2019-01-29,MU5851,I,1010.0,2,折扣公务舱,2019-01-03 16:12:51 288
B2C_MU_03,MU,KMG,CTU,2019-01-29,MU5851,E,1100.0,10,折扣经济舱,2019-01-03 16:12:51 288
B2C_MU_03,MU,KMG,CTU,2019-01-29,MU5851,N,840.0,10,折扣经济舱,2019-01-03 16:12:51 288
B2C_MU_03,MU,KMG,CTU,2019-01-29,MU5851,R,710.0,10,折扣经济舱,2019-01-03 16:12:51 288
B2C_MU_03,MU,KMG,CTU,2019-01-29,MU5851,F,4230.0,4,标准头等舱,2019-01-03 16:12:51 288
B2C_MU_03,MU,KMG,CTU,2019-01-29,MU5851,J,3100.0,4,标准公务舱,2019-01-03 16:12:51 288
B2C_MU_03,MU,KMG,CTU,2019-01-29,MU5851,Y,1550.0,10,标准经济舱,2019-01-03 16:12:51 288
B2C_MU_03,MU,XNN,KMG,2019-01-29,MU2359,E,1340.0,1,折扣经济舱,2019-01-03 16:12:51 346
B2C_MU_03,MU,XNN,KMG,2019-01-29,MU2359,F,5490.0,4,标准头等舱,2019-01-03 16:12:51 346
B2C_MU_03,MU,XNN,KMG,2019-01-29,MU2359,J,2750.0,4,标准公务舱,2019-01-03 16:12:51 346
B2C_MU_03,MU,XNN,KMG,2019-01-29,MU2359,Y,1830.0,10,标准经济舱,2019-01-03 16:12:51 346
B2C_MU_03,MU,YNZ,CSX,2019-01-29,MU5750,Q,1160.0,2,折扣公务舱,2019-01-03 16:12:51 502
B2C_MU_03,MU,YNZ,CSX,2019-01-29,MU5750,E,890.0,10,折扣经济舱,2019-01-03 16:12:51 503
B2C_MU_03,MU,YNZ,CSX,2019-01-29,MU5750,L,730.0,10,折扣经济舱,2019-01-03 16:12:51 503
B2C_MU_03,MU,YNZ,CSX,2019-01-29,MU5750,F,1980.0,6,标准头等舱,2019-01-03 16:12:51 503
B2C_MU_03,MU,YNZ,CSX,2019-01-29,MU5750,J,1650.0,6,标准公务舱,2019-01-03 16:12:51 503
B2C_MU_03,MU,YNZ,CSX,2019-01-29,MU5750,Y,1100.0,10,标准经济舱,2019-01-03 16:12:51 503
B2C_MU_03,MU,DLC,CHG,2019-01-29,MU5641,B,980.0,10,折扣经济舱,2019-01-03 16:12:52 042
B2C_MU_03,MU,DLC,CHG,2019-01-29,MU5641,F,2380.0,3,标准头等舱,2019-01-03 16:12:52 042
B2C_MU_03,MU,DLC,CHG,2019-01-29,MU5641,J,2050.0,2,标准公务舱,2019-01-03 16:12:52 042
B2C_MU_03,MU,DLC,CHG,2019-01-29,MU5641,Y,1080.0,10,标准经济舱,2019-01-03 16:12:52 042
B2C_MU_03,MU,LHW,NGB,2019-01-29,MU2473,Q,2110.0,1,折扣公务舱,2019-01-03 16:12:52 369
B2C_MU_03,MU,LHW,NGB,2019-01-29,MU2473,E,1630.0,10,折扣经济舱,2019-01-03 16:12:52 369
B2C_MU_03,MU,LHW,NGB,2019-01-29,MU2473,N,1230.0,10,折扣经济舱,2019-01-03 16:12:52 369
B2C_MU_03,MU,LHW,NGB,2019-01-29,MU2473,V,810.0,10,折扣经济舱,2019-01-03 16:12:52 369
B2C_MU_03,MU,LHW,NGB,2019-01-29,MU2473,T,670.0,7,折扣经济舱,2019-01-03 16:12:52 369
B2C_MU_03,MU,LHW,NGB,2019-01-29,MU2473,F,3620.0,6,标准头等舱,2019-01-03 16:12:52 369
B2C_MU_03,MU,LHW,NGB,2019-01-29,MU2473,J,3020.0,6,标准公务舱,2019-01-03 16:12:52 369
B2C_MU_03,MU,LHW,NGB,2019-01-29,MU2473,Y,2010.0,10,标准经济舱,2019-01-03 16:12:52 369
B2C_MU_03,MU,XMN,TYN,2019-01-29,MU2438,P,1410.0,1,超值头等舱,2019-01-03 16:12:52 487
B2C_MU_03,MU,XMN,TYN,2019-01-29,MU2438,I,1280.0,1,折扣公务舱,2019-01-03 16:12:52 487
B2C_MU_03,MU,XMN,TYN,2019-01-29,MU2438,W,1860.0,10,超级经济舱,2019-01-03 16:12:52 487
B2C_MU_03,MU,XMN,TYN,2019-01-29,MU2438,E,1510.0,10,折扣经济舱,2019-01-03 16:12:52 487
B2C_MU_03,MU,XMN,TYN,2019-01-29,MU2438,N,930.0,10,折扣经济舱,2019-01-03 16:12:52 487
B2C_MU_03,MU,XMN,TYN,2019-01-29,MU2438,R,740.0,5,折扣经济舱,2019-01-03 16:12:52 487
B2C_MU_03,MU,XMN,TYN,2019-01-29,MU2438,F,4350.0,6,标准头等舱,2019-01-03 16:12:52 487
B2C_MU_03,MU,XMN,TYN,2019-01-29,MU2438,J,2980.0,2,标准公务舱,2019-01-03 16:12:52 487
B2C_MU_03,MU,XMN,TYN,2019-01-29,MU2438,Y,1860.0,10,标准经济舱,2019-01-03 16:12:52 487
B2C_MU_03,MU,LHW,CGO,2019-01-29,MU2195,P,830.0,2,超值头等舱,2019-01-03 16:12:52 494
B2C_MU_03,MU,LHW,CGO,2019-01-29,MU2195,I,650.0,1,折扣公务舱,2019-01-03 16:12:52 494
B2C_MU_03,MU,LHW,CGO,2019-01-29,MU2195,E,850.0,10,折扣经济舱,2019-01-03 16:12:52 494
B2C_MU_03,MU,LHW,CGO,2019-01-29,MU2195,N,630.0,10,折扣经济舱,2019-01-03 16:12:52 494
B2C_MU_03,MU,LHW,CGO,2019-01-29,MU2195,R,430.0,4,折扣经济舱,2019-01-03 16:12:52 494
B2C_MU_03,MU,LHW,CGO,2019-01-29,MU2195,F,3300.0,2,标准头等舱,2019-01-03 16:12:52 494
B2C_MU_03,MU,LHW,CGO,2019-01-29,MU2195,J,1650.0,4,标准公务舱,2019-01-03 16:12:52 494
B2C_MU_03,MU,LHW,CGO,2019-01-29,MU2195,Y,1100.0,10,标准经济舱,2019-01-03 16:12:52 494
B2C_MU_03,MU,LHW,CGO,2019-01-29,MU9478,P,830.0,2,超值头等舱,2019-01-03 16:12:52 494
B2C_MU_03,MU,LHW,CGO,2019-01-29,MU9478,Q,1160.0,2,折扣公务舱,2019-01-03 16:12:52 494
B2C_MU_03,MU,LHW,CGO,2019-01-29,MU9478,E,860.0,10,折扣经济舱,2019-01-03 16:12:52 494
B2C_MU_03,MU,LHW,CGO,2019-01-29,MU9478,N,640.0,10,折扣经济舱,2019-01-03 16:12:52 494
B2C_MU_03,MU,LHW,CGO,2019-01-29,MU9478,R,430.0,10,折扣经济舱,2019-01-03 16:12:52 494
B2C_MU_03,MU,LHW,CGO,2019-01-29,MU9478,F,3300.0,4,标准头等舱,2019-01-03 16:12:52 494
B2C_MU_03,MU,LHW,CGO,2019-01-29,MU9478,J,1650.0,4,标准公务舱,2019-01-03 16:12:52 494
B2C_MU_03,MU,LHW,CGO,2019-01-29,MU9478,Y,1100.0,10,标准经济舱,2019-01-03 16:12:52 494
B2C_MU_03,MU,NLH,KMG,2019-01-29,MU5938,P,1240.0,4,超值头等舱,2019-01-03 16:12:54 445
B2C_MU_03,MU,NLH,KMG,2019-01-29,MU5938,I,1010.0,2,折扣公务舱,2019-01-03 16:12:54 445
B2C_MU_03,MU,NLH,KMG,2019-01-29,MU5938,E,1200.0,10,折扣经济舱,2019-01-03 16:12:54 445
B2C_MU_03,MU,NLH,KMG,2019-01-29,MU5938,N,660.0,10,折扣经济舱,2019-01-03 16:12:54 445
B2C_MU_03,MU,NLH,KMG,2019-01-29,MU5938,V,380.0,6,折扣经济舱,2019-01-03 16:12:54 445
B2C_MU_03,MU,NLH,KMG,2019-01-29,MU5938,F,3200.0,4,标准头等舱,2019-01-03 16:12:54 445
B2C_MU_03,MU,NLH,KMG,2019-01-29,MU5938,J,2400.0,4,标准公务舱,2019-01-03 16:12:54 445
B2C_MU_03,MU,NLH,KMG,2019-01-29,MU5938,Y,1600.0,10,标准经济舱,2019-01-03 16:12:54 445
B2C_MU_03,MU,WUH,TAO,2019-01-29,MU2517,P,760.0,4,超值头等舱,2019-01-03 16:12:55 233
B2C_MU_03,MU,WUH,TAO,2019-01-29,MU2517,E,840.0,10,折扣经济舱,2019-01-03 16:12:55 233
B2C_MU_03,MU,WUH,TAO,2019-01-29,MU2517,N,630.0,10,折扣经济舱,2019-01-03 16:12:55 233
B2C_MU_03,MU,WUH,TAO,2019-01-29,MU2517,S,470.0,10,折扣经济舱,2019-01-03 16:12:55 233
B2C_MU_03,MU,WUH,TAO,2019-01-29,MU2517,F,2510.0,6,标准头等舱,2019-01-03 16:12:55 233
B2C_MU_03,MU,WUH,TAO,2019-01-29,MU2517,J,1640.0,2,标准公务舱,2019-01-03 16:12:55 233
B2C_MU_03,MU,WUH,TAO,2019-01-29,MU2517,Y,1090.0,10,标准经济舱,2019-01-03 16:12:55 233
B2C_MU_03,MU,WUH,TAO,2019-01-29,MU5480,E,840.0,10,折扣经济舱,2019-01-03 16:12:55 233
B2C_MU_03,MU,WUH,TAO,2019-01-29,MU5480,K,730.0,10,折扣经济舱,2019-01-03 16:12:55 233
B2C_MU_03,MU,WUH,TAO,2019-01-29,MU5480,F,2510.0,6,标准头等舱,2019-01-03 16:12:55 234
B2C_MU_03,MU,WUH,TAO,2019-01-29,MU5480,J,1640.0,2,标准公务舱,2019-01-03 16:12:55 234
B2C_MU_03,MU,WUH,TAO,2019-01-29,MU5480,Y,1090.0,10,标准经济舱,2019-01-03 16:12:55 234
B2C_MU_03,MU,MIG,PVG,2019-01-29,MU9412,P,3220.0,4,超值头等舱,2019-01-03 16:12:55 619
B2C_MU_03,MU,MIG,PVG,2019-01-29,MU9412,I,1620.0,2,折扣公务舱,2019-01-03 16:12:55 619
B2C_MU_03,MU,MIG,PVG,2019-01-29,MU9412,E,1490.0,10,折扣经济舱,2019-01-03 16:12:55 619
B2C_MU_03,MU,MIG,PVG,2019-01-29,MU9412,N,1130.0,10,折扣经济舱,2019-01-03 16:12:55 619
B2C_MU_03,MU,MIG,PVG,2019-01-29,MU9412,V,730.0,10,折扣经济舱,2019-01-03 16:12:55 619
B2C_MU_03,MU,MIG,PVG,2019-01-29,MU9412,T,570.0,10,折扣经济舱,2019-01-03 16:12:55 619
B2C_MU_03,MU,MIG,PVG,2019-01-29,MU9412,Z,420.0,10,超值经济舱,2019-01-03 16:12:55 619
B2C_MU_03,MU,MIG,PVG,2019-01-29,MU9412,F,3940.0,7,标准头等舱,2019-01-03 16:12:55 619
B2C_MU_03,MU,MIG,PVG,2019-01-29,MU9412,J,3400.0,5,标准公务舱,2019-01-03 16:12:55 619
B2C_MU_03,MU,MIG,PVG,2019-01-29,MU9412,Y,1790.0,10,标准经济舱,2019-01-03 16:12:55 619
B2C_MU_03,MU,TYN,CTU,2019-01-29,MU5233,D,1490.0,3,折扣公务舱,2019-01-03 16:12:55 726
B2C_MU_03,MU,TYN,CTU,2019-01-29,MU5233,W,1360.0,10,超级经济舱,2019-01-03 16:12:55 726
B2C_MU_03,MU,TYN,CTU,2019-01-29,MU5233,E,1140.0,10,折扣经济舱,2019-01-03 16:12:55 726
B2C_MU_03,MU,TYN,CTU,2019-01-29,MU5233,L,870.0,10,折扣经济舱,2019-01-03 16:12:55 726
B2C_MU_03,MU,TYN,CTU,2019-01-29,MU5233,F,3970.0,4,标准头等舱,2019-01-03 16:12:55 726
B2C_MU_03,MU,TYN,CTU,2019-01-29,MU5233,J,2600.0,4,标准公务舱,2019-01-03 16:12:55 726
B2C_MU_03,MU,TYN,CTU,2019-01-29,MU5233,Y,1360.0,10,标准经济舱,2019-01-03 16:12:55 726
B2C_MU_03,MU,TYN,CTU,2019-01-29,MU5278,P,1030.0,3,超值头等舱,2019-01-03 16:12:55 726
B2C_MU_03,MU,TYN,CTU,2019-01-29,MU5278,I,930.0,1,折扣公务舱,2019-01-03 16:12:55 726
B2C_MU_03,MU,TYN,CTU,2019-01-29,MU5278,E,1140.0,10,折扣经济舱,2019-01-03 16:12:55 726
B2C_MU_03,MU,TYN,CTU,2019-01-29,MU5278,N,730.0,10,折扣经济舱,2019-01-03 16:12:55 726
B2C_MU_03,MU,TYN,CTU,2019-01-29,MU5278,R,670.0,10,折扣经济舱,2019-01-03 16:12:55 726
B2C_MU_03,MU,TYN,CTU,2019-01-29,MU5278,F,3970.0,4,标准头等舱,2019-01-03 16:12:55 726
B2C_MU_03,MU,TYN,CTU,2019-01-29,MU5278,J,2600.0,4,标准公务舱,2019-01-03 16:12:55 726
B2C_MU_03,MU,TYN,CTU,2019-01-29,MU5278,Y,1360.0,10,标准经济舱,2019-01-03 16:12:55 726
B2C_MU_03,MU,HGH,CTU,2019-01-29,MU2252,B,1830.0,10,折扣经济舱,2019-01-03 16:12:56 798
B2C_MU_03,MU,HGH,CTU,2019-01-29,MU2252,F,5370.0,7,标准头等舱,2019-01-03 16:12:56 798
B2C_MU_03,MU,HGH,CTU,2019-01-29,MU2252,J,4440.0,5,标准公务舱,2019-01-03 16:12:56 798
B2C_MU_03,MU,HGH,CTU,2019-01-29,MU2252,Y,1850.0,10,标准经济舱,2019-01-03 16:12:56 798
B2C_MU_03,MU,HGH,CTU,2019-01-29,MU5500,B,1830.0,10,折扣经济舱,2019-01-03 16:12:56 798
B2C_MU_03,MU,HGH,CTU,2019-01-29,MU5500,F,5370.0,3,标准头等舱,2019-01-03 16:12:56 798
B2C_MU_03,MU,HGH,CTU,2019-01-29,MU5500,J,4440.0,4,标准公务舱,2019-01-03 16:12:56 798
B2C_MU_03,MU,HGH,CTU,2019-01-29,MU5500,Y,1850.0,10,标准经济舱,2019-01-03 16:12:56 798
B2C_MU_03,MU,HGH,CTU,2019-01-29,MU5496,M,1740.0,10,折扣经济舱,2019-01-03 16:12:56 798
B2C_MU_03,MU,HGH,CTU,2019-01-29,MU5496,F,5370.0,4,标准头等舱,2019-01-03 16:12:56 798
B2C_MU_03,MU,HGH,CTU,2019-01-29,MU5496,J,4440.0,4,标准公务舱,2019-01-03 16:12:56 798
B2C_MU_03,MU,HGH,CTU,2019-01-29,MU5496,Y,1850.0,10,标准经济舱,2019-01-03 16:12:56 798
B2C_MU_03,MU,HGH,CTU,2019-01-29,MU9886,B,1830.0,10,折扣经济舱,2019-01-03 16:12:56 798
B2C_MU_03,MU,HGH,CTU,2019-01-29,MU9886,F,5370.0,3,标准头等舱,2019-01-03 16:12:56 798
B2C_MU_03,MU,HGH,CTU,2019-01-29,MU9886,J,4440.0,2,标准公务舱,2019-01-03 16:12:56 798
B2C_MU_03,MU,HGH,CTU,2019-01-29,MU9886,Y,1850.0,10,标准经济舱,2019-01-03 16:12:56 798
B2C_MU_03,MU,DLU,PEK,2019-01-29,MU9723,P,2440.0,2,超值头等舱,2019-01-03 16:12:57 288
B2C_MU_03,MU,DLU,PEK,2019-01-29,MU9723,I,2520.0,2,折扣公务舱,2019-01-03 16:12:57 288
B2C_MU_03,MU,DLU,PEK,2019-01-29,MU9723,E,2220.0,10,折扣经济舱,2019-01-03 16:12:57 288
B2C_MU_03,MU,DLU,PEK,2019-01-29,MU9723,N,1850.0,10,折扣经济舱,2019-01-03 16:12:57 288
B2C_MU_03,MU,DLU,PEK,2019-01-29,MU9723,V,1170.0,10,折扣经济舱,2019-01-03 16:12:57 288
B2C_MU_03,MU,DLU,PEK,2019-01-29,MU9723,Z,1240.0,10,超值经济舱,2019-01-03 16:12:57 288
B2C_MU_03,MU,DLU,PEK,2019-01-29,MU9723,F,9470.0,4,标准头等舱,2019-01-03 16:12:57 288
B2C_MU_03,MU,DLU,PEK,2019-01-29,MU9723,J,6260.0,4,标准公务舱,2019-01-03 16:12:57 288
B2C_MU_03,MU,DLU,PEK,2019-01-29,MU9723,Y,2610.0,10,标准经济舱,2019-01-03 16:12:57 288
B2C_MU_03,MU,WUH,TYN,2019-01-29,MU2438,W,840.0,10,超级经济舱,2019-01-03 16:12:57 454
B2C_MU_03,MU,WUH,TYN,2019-01-29,MU2438,E,780.0,10,折扣经济舱,2019-01-03 16:12:57 455
B2C_MU_03,MU,WUH,TYN,2019-01-29,MU2438,N,510.0,10,折扣经济舱,2019-01-03 16:12:57 455
B2C_MU_03,MU,WUH,TYN,2019-01-29,MU2438,S,430.0,10,折扣经济舱,2019-01-03 16:12:57 455
B2C_MU_03,MU,WUH,TYN,2019-01-29,MU2438,F,1960.0,6,标准头等舱,2019-01-03 16:12:57 455
B2C_MU_03,MU,WUH,TYN,2019-01-29,MU2438,J,1570.0,2,标准公务舱,2019-01-03 16:12:57 455
B2C_MU_03,MU,WUH,TYN,2019-01-29,MU2438,Y,980.0,10,标准经济舱,2019-01-03 16:12:57 455
B2C_MU_03,MU,SWA,PVG,2019-01-29,MU9300,P,1610.0,1,超值头等舱,2019-01-03 16:12:58 668
B2C_MU_03,MU,SWA,PVG,2019-01-29,MU9300,I,1090.0,2,折扣公务舱,2019-01-03 16:12:58 668
B2C_MU_03,MU,SWA,PVG,2019-01-29,MU9300,E,930.0,10,折扣经济舱,2019-01-03 16:12:58 668
B2C_MU_03,MU,SWA,PVG,2019-01-29,MU9300,N,710.0,10,折扣经济舱,2019-01-03 16:12:58 668
B2C_MU_03,MU,SWA,PVG,2019-01-29,MU9300,V,490.0,8,折扣经济舱,2019-01-03 16:12:58 668
B2C_MU_03,MU,SWA,PVG,2019-01-29,MU9300,F,3330.0,5,标准头等舱,2019-01-03 16:12:58 668
B2C_MU_03,MU,SWA,PVG,2019-01-29,MU9300,J,2550.0,7,标准公务舱,2019-01-03 16:12:58 668
B2C_MU_03,MU,SWA,PVG,2019-01-29,MU9300,Y,1110.0,10,标准经济舱,2019-01-03 16:12:58 668
B2C_MU_03,MU,SWA,SHA,2019-01-29,MU9358,P,1610.0,1,超值头等舱,2019-01-03 16:12:58 668
B2C_MU_03,MU,SWA,SHA,2019-01-29,MU9358,D,1220.0,3,折扣公务舱,2019-01-03 16:12:58 668
B2C_MU_03,MU,SWA,SHA,2019-01-29,MU9358,E,930.0,10,折扣经济舱,2019-01-03 16:12:58 668
B2C_MU_03,MU,SWA,SHA,2019-01-29,MU9358,N,710.0,8,折扣经济舱,2019-01-03 16:12:58 668
B2C_MU_03,MU,SWA,SHA,2019-01-29,MU9358,S,540.0,2,折扣经济舱,2019-01-03 16:12:58 668
B2C_MU_03,MU,SWA,SHA,2019-01-29,MU9358,F,3330.0,4,标准头等舱,2019-01-03 16:12:58 668
B2C_MU_03,MU,SWA,SHA,2019-01-29,MU9358,J,2550.0,4,标准公务舱,2019-01-03 16:12:58 668
B2C_MU_03,MU,SWA,SHA,2019-01-29,MU9358,Y,1110.0,10,标准经济舱,2019-01-03 16:12:58 669
B2C_MU_03,MU,SWA,SHA,2019-01-29,MU9298,P,1610.0,2,超值头等舱,2019-01-03 16:12:58 669
B2C_MU_03,MU,SWA,SHA,2019-01-29,MU9298,D,1220.0,3,折扣公务舱,2019-01-03 16:12:58 669
B2C_MU_03,MU,SWA,SHA,2019-01-29,MU9298,E,930.0,10,折扣经济舱,2019-01-03 16:12:58 669
B2C_MU_03,MU,SWA,SHA,2019-01-29,MU9298,N,710.0,2,折扣经济舱,2019-01-03 16:12:58 669
B2C_MU_03,MU,SWA,SHA,2019-01-29,MU9298,F,3330.0,3,标准头等舱,2019-01-03 16:12:58 669
B2C_MU_03,MU,SWA,SHA,2019-01-29,MU9298,J,2550.0,5,标准公务舱,2019-01-03 16:12:58 669
B2C_MU_03,MU,SWA,SHA,2019-01-29,MU9298,Y,1110.0,10,标准经济舱,2019-01-03 16:12:58 669
B2C_MU_03,MU,SWA,PVG,2019-01-29,MU5264,P,1530.0,1,超值头等舱,2019-01-03 16:12:58 669
B2C_MU_03,MU,SWA,PVG,2019-01-29,MU5264,I,1090.0,1,折扣公务舱,2019-01-03 16:12:58 669
B2C_MU_03,MU,SWA,PVG,2019-01-29,MU5264,E,930.0,10,折扣经济舱,2019-01-03 16:12:58 669
B2C_MU_03,MU,SWA,PVG,2019-01-29,MU5264,N,710.0,10,折扣经济舱,2019-01-03 16:12:58 669
B2C_MU_03,MU,SWA,PVG,2019-01-29,MU5264,V,490.0,3,折扣经济舱,2019-01-03 16:12:58 669
B2C_MU_03,MU,SWA,PVG,2019-01-29,MU5264,F,3330.0,4,标准头等舱,2019-01-03 16:12:58 669
B2C_MU_03,MU,SWA,PVG,2019-01-29,MU5264,J,2550.0,4,标准公务舱,2019-01-03 16:12:58 669
B2C_MU_03,MU,SWA,PVG,2019-01-29,MU5264,Y,1110.0,10,标准经济舱,2019-01-03 16:12:58 669
B2C_MU_03,MU,SWA,SHA,2019-01-29,MU5210,P,1610.0,1,超值头等舱,2019-01-03 16:12:58 669
B2C_MU_03,MU,SWA,SHA,2019-01-29,MU5210,I,1110.0,1,折扣公务舱,2019-01-03 16:12:58 669
B2C_MU_03,MU,SWA,SHA,2019-01-29,MU5210,B,1100.0,10,折扣经济舱,2019-01-03 16:12:58 669
B2C_MU_03,MU,SWA,SHA,2019-01-29,MU5210,N,710.0,10,折扣经济舱,2019-01-03 16:12:58 669
B2C_MU_03,MU,SWA,SHA,2019-01-29,MU5210,V,490.0,3,折扣经济舱,2019-01-03 16:12:58 669
B2C_MU_03,MU,SWA,SHA,2019-01-29,MU5210,F,3330.0,4,标准头等舱,2019-01-03 16:12:58 669
B2C_MU_03,MU,SWA,SHA,2019-01-29,MU5210,J,2550.0,4,标准公务舱,2019-01-03 16:12:58 669
B2C_MU_03,MU,SWA,SHA,2019-01-29,MU5210,Y,1110.0,10,标准经济舱,2019-01-03 16:12:58 669
B2C_MU_03,MU,SWA,PVG,2019-01-29,MU5206,E,930.0,10,折扣经济舱,2019-01-03 16:12:58 669
B2C_MU_03,MU,SWA,PVG,2019-01-29,MU5206,N,710.0,5,折扣经济舱,2019-01-03 16:12:58 669
B2C_MU_03,MU,SWA,PVG,2019-01-29,MU5206,V,490.0,2,折扣经济舱,2019-01-03 16:12:58 669
B2C_MU_03,MU,SWA,PVG,2019-01-29,MU5206,T,370.0,1,折扣经济舱,2019-01-03 16:12:58 669
B2C_MU_03,MU,SWA,PVG,2019-01-29,MU5206,F,3330.0,4,标准头等舱,2019-01-03 16:12:58 669
B2C_MU_03,MU,SWA,PVG,2019-01-29,MU5206,J,2550.0,4,标准公务舱,2019-01-03 16:12:58 669
B2C_MU_03,MU,SWA,PVG,2019-01-29,MU5206,Y,1110.0,10,标准经济舱,2019-01-03 16:12:58 669
B2C_MU_03,MU,WUS,SHA,2019-01-29,MU5536,E,540.0,10,折扣经济舱,2019-01-03 16:12:59 503
B2C_MU_03,MU,WUS,SHA,2019-01-29,MU5536,N,400.0,10,折扣经济舱,2019-01-03 16:12:59 503
B2C_MU_03,MU,WUS,SHA,2019-01-29,MU5536,R,340.0,10,折扣经济舱,2019-01-03 16:12:59 503
B2C_MU_03,MU,WUS,SHA,2019-01-29,MU5536,F,1720.0,6,标准头等舱,2019-01-03 16:12:59 503
B2C_MU_03,MU,WUS,SHA,2019-01-29,MU5536,J,1320.0,2,标准公务舱,2019-01-03 16:12:59 503
B2C_MU_03,MU,WUS,SHA,2019-01-29,MU5536,Y,660.0,10,标准经济舱,2019-01-03 16:12:59 503
B2C_MU_03,MU,PVG,AEB,2019-01-29,MU5493,E,1440.0,10,折扣经济舱,2019-01-03 16:13:01 595
B2C_MU_03,MU,PVG,AEB,2019-01-29,MU5493,K,1270.0,10,折扣经济舱,2019-01-03 16:13:01 595
B2C_MU_03,MU,PVG,AEB,2019-01-29,MU5493,F,4050.0,6,标准头等舱,2019-01-03 16:13:01 595
B2C_MU_03,MU,PVG,AEB,2019-01-29,MU5493,J,3520.0,2,标准公务舱,2019-01-03 16:13:01 595
B2C_MU_03,MU,PVG,AEB,2019-01-29,MU5493,Y,1760.0,10,标准经济舱,2019-01-03 16:13:01 595
B2C_MU_03,MU,INC,CSX,2019-01-29,MU2265,D,1780.0,3,折扣公务舱,2019-01-03 16:13:01 901
B2C_MU_03,MU,INC,CSX,2019-01-29,MU2265,E,1370.0,10,折扣经济舱,2019-01-03 16:13:01 901
B2C_MU_03,MU,INC,CSX,2019-01-29,MU2265,N,1040.0,10,折扣经济舱,2019-01-03 16:13:01 901
B2C_MU_03,MU,INC,CSX,2019-01-29,MU2265,F,3750.0,5,标准头等舱,2019-01-03 16:13:01 901
B2C_MU_03,MU,INC,CSX,2019-01-29,MU2265,J,2930.0,3,标准公务舱,2019-01-03 16:13:01 901
B2C_MU_03,MU,INC,CSX,2019-01-29,MU2265,Y,1630.0,10,标准经济舱,2019-01-03 16:13:01 901
B2C_MU_03,MU,PEK,LYG,2019-01-29,MU5165,B,790.0,10,折扣经济舱,2019-01-03 16:13:04 724
B2C_MU_03,MU,PEK,LYG,2019-01-29,MU5165,F,2320.0,10,标准头等舱,2019-01-03 16:13:04 725
B2C_MU_03,MU,PEK,LYG,2019-01-29,MU5165,Y,800.0,10,标准经济舱,2019-01-03 16:13:04 725
B2C_MU_03,MU,TYN,HET,2019-01-29,MU2409,P,540.0,4,超值头等舱,2019-01-03 16:13:05 240
B2C_MU_03,MU,TYN,HET,2019-01-29,MU2409,D,660.0,3,折扣公务舱,2019-01-03 16:13:05 240
B2C_MU_03,MU,TYN,HET,2019-01-29,MU2409,W,600.0,10,超级经济舱,2019-01-03 16:13:05 240
B2C_MU_03,MU,TYN,HET,2019-01-29,MU2409,E,490.0,10,折扣经济舱,2019-01-03 16:13:05 240
B2C_MU_03,MU,TYN,HET,2019-01-29,MU2409,N,370.0,10,折扣经济舱,2019-01-03 16:13:05 240
B2C_MU_03,MU,TYN,HET,2019-01-29,MU2409,F,1800.0,4,标准头等舱,2019-01-03 16:13:05 240
B2C_MU_03,MU,TYN,HET,2019-01-29,MU2409,J,900.0,4,标准公务舱,2019-01-03 16:13:05 240
B2C_MU_03,MU,TYN,HET,2019-01-29,MU2409,Y,600.0,10,标准经济舱,2019-01-03 16:13:05 240
B2C_MU_03,MU,HRB,XIY,2019-01-29,MU2174,P,1690.0,3,超值头等舱,2019-01-03 16:13:05 562
B2C_MU_03,MU,HRB,XIY,2019-01-29,MU2174,I,1490.0,2,折扣公务舱,2019-01-03 16:13:05 562
B2C_MU_03,MU,HRB,XIY,2019-01-29,MU2174,E,1410.0,10,折扣经济舱,2019-01-03 16:13:05 562
B2C_MU_03,MU,HRB,XIY,2019-01-29,MU2174,L,1000.0,4,折扣经济舱,2019-01-03 16:13:05 562
B2C_MU_03,MU,HRB,XIY,2019-01-29,MU2174,F,5950.0,4,标准头等舱,2019-01-03 16:13:05 562
B2C_MU_03,MU,HRB,XIY,2019-01-29,MU2174,J,3910.0,4,标准公务舱,2019-01-03 16:13:05 562
B2C_MU_03,MU,HRB,XIY,2019-01-29,MU2174,Y,2170.0,10,标准经济舱,2019-01-03 16:13:05 562
B2C_MU_03,MU,HRB,XIY,2019-01-29,MU2212,P,1690.0,2,超值头等舱,2019-01-03 16:13:05 562
B2C_MU_03,MU,HRB,XIY,2019-01-29,MU2212,I,1490.0,2,折扣公务舱,2019-01-03 16:13:05 562
B2C_MU_03,MU,HRB,XIY,2019-01-29,MU2212,E,1410.0,10,折扣经济舱,2019-01-03 16:13:05 562
B2C_MU_03,MU,HRB,XIY,2019-01-29,MU2212,L,1000.0,10,折扣经济舱,2019-01-03 16:13:05 562
B2C_MU_03,MU,HRB,XIY,2019-01-29,MU2212,F,5950.0,8,标准头等舱,2019-01-03 16:13:05 562
B2C_MU_03,MU,HRB,XIY,2019-01-29,MU2212,J,3910.0,4,标准公务舱,2019-01-03 16:13:05 562
B2C_MU_03,MU,HRB,XIY,2019-01-29,MU2212,Y,2170.0,10,标准经济舱,2019-01-03 16:13:05 562
B2C_MU_03,MU,XIY,KWE,2019-01-29,MU2149,P,730.0,1,超值头等舱,2019-01-03 16:13:06 115
B2C_MU_03,MU,XIY,KWE,2019-01-29,MU2149,I,800.0,4,折扣公务舱,2019-01-03 16:13:06 115
B2C_MU_03,MU,XIY,KWE,2019-01-29,MU2149,E,700.0,10,折扣经济舱,2019-01-03 16:13:06 115
B2C_MU_03,MU,XIY,KWE,2019-01-29,MU2149,N,400.0,2,折扣经济舱,2019-01-03 16:13:06 115
B2C_MU_03,MU,XIY,KWE,2019-01-29,MU2149,F,3030.0,6,标准头等舱,2019-01-03 16:13:06 115
B2C_MU_03,MU,XIY,KWE,2019-01-29,MU2149,J,1520.0,3,标准公务舱,2019-01-03 16:13:06 115
B2C_MU_03,MU,XIY,KWE,2019-01-29,MU2149,Y,1010.0,10,标准经济舱,2019-01-03 16:13:06 115
B2C_MU_03,MU,TNA,XIY,2019-01-29,MU2429,P,750.0,2,超值头等舱,2019-01-03 16:13:11 352
B2C_MU_03,MU,TNA,XIY,2019-01-29,MU2429,I,750.0,1,折扣公务舱,2019-01-03 16:13:11 352
B2C_MU_03,MU,TNA,XIY,2019-01-29,MU2429,E,760.0,10,折扣经济舱,2019-01-03 16:13:11 352
B2C_MU_03,MU,TNA,XIY,2019-01-29,MU2429,N,570.0,10,折扣经济舱,2019-01-03 16:13:11 352
B2C_MU_03,MU,TNA,XIY,2019-01-29,MU2429,R,470.0,10,折扣经济舱,2019-01-03 16:13:11 352
B2C_MU_03,MU,TNA,XIY,2019-01-29,MU2429,F,2880.0,5,标准头等舱,2019-01-03 16:13:11 352
B2C_MU_03,MU,TNA,XIY,2019-01-29,MU2429,J,1920.0,3,标准公务舱,2019-01-03 16:13:11 352
B2C_MU_03,MU,TNA,XIY,2019-01-29,MU2429,Y,960.0,10,标准经济舱,2019-01-03 16:13:11 352
B2C_MU_03,MU,TNA,XIY,2019-01-29,MU9925,P,750.0,2,超值头等舱,2019-01-03 16:13:11 352
B2C_MU_03,MU,TNA,XIY,2019-01-29,MU9925,I,760.0,2,折扣公务舱,2019-01-03 16:13:11 352
B2C_MU_03,MU,TNA,XIY,2019-01-29,MU9925,E,760.0,10,折扣经济舱,2019-01-03 16:13:11 352
B2C_MU_03,MU,TNA,XIY,2019-01-29,MU9925,N,570.0,10,折扣经济舱,2019-01-03 16:13:11 352
B2C_MU_03,MU,TNA,XIY,2019-01-29,MU9925,F,2880.0,5,标准头等舱,2019-01-03 16:13:11 352
B2C_MU_03,MU,TNA,XIY,2019-01-29,MU9925,J,1920.0,3,标准公务舱,2019-01-03 16:13:11 352
B2C_MU_03,MU,TNA,XIY,2019-01-29,MU9925,Y,960.0,10,标准经济舱,2019-01-03 16:13:11 352
B2C_MU_03,MU,SHA,CAN,2019-01-29,MU9307,W,1620.0,10,超级经济舱,2019-01-03 16:14:50 474
B2C_MU_03,MU,SHA,CAN,2019-01-29,MU9307,E,1360.0,10,折扣经济舱,2019-01-03 16:14:50 474
B2C_MU_03,MU,SHA,CAN,2019-01-29,MU9307,N,1040.0,10,折扣经济舱,2019-01-03 16:14:50 474
B2C_MU_03,MU,SHA,CAN,2019-01-29,MU9307,J,3770.0,8,标准公务舱,2019-01-03 16:14:50 474
B2C_MU_03,MU,SHA,CAN,2019-01-29,MU9307,Y,1620.0,10,标准经济舱,2019-01-03 16:14:50 474
B2C_MU_03,MU,SHA,CAN,2019-01-29,MU9301,U,6480.0,4,豪华头等舱,2019-01-03 16:14:50 474
B2C_MU_03,MU,SHA,CAN,2019-01-29,MU9301,W,1620.0,10,超级经济舱,2019-01-03 16:14:50 474
B2C_MU_03,MU,SHA,CAN,2019-01-29,MU9301,E,1360.0,10,折扣经济舱,2019-01-03 16:14:50 474
B2C_MU_03,MU,SHA,CAN,2019-01-29,MU9301,F,4100.0,10,标准头等舱,2019-01-03 16:14:50 474
B2C_MU_03,MU,SHA,CAN,2019-01-29,MU9301,J,3770.0,10,标准公务舱,2019-01-03 16:14:50 474
B2C_MU_03,MU,SHA,CAN,2019-01-29,MU9301,Y,1620.0,10,标准经济舱,2019-01-03 16:14:50 474
B2C_MU_03,MU,PVG,CAN,2019-01-29,MU9303,W,1620.0,10,超级经济舱,2019-01-03 16:14:50 475
B2C_MU_03,MU,PVG,CAN,2019-01-29,MU9303,B,1600.0,10,折扣经济舱,2019-01-03 16:14:50 475
B2C_MU_03,MU,PVG,CAN,2019-01-29,MU9303,F,4100.0,3,标准头等舱,2019-01-03 16:14:50 475
B2C_MU_03,MU,PVG,CAN,2019-01-29,MU9303,J,3770.0,4,标准公务舱,2019-01-03 16:14:50 475
B2C_MU_03,MU,PVG,CAN,2019-01-29,MU9303,Y,1620.0,10,标准经济舱,2019-01-03 16:14:50 475
B2C_MU_03,MU,SHA,CAN,2019-01-29,MU5393,C,2590.0,3,折扣公务舱,2019-01-03 16:14:50 475
B2C_MU_03,MU,SHA,CAN,2019-01-29,MU5393,W,1620.0,10,超级经济舱,2019-01-03 16:14:50 475
B2C_MU_03,MU,SHA,CAN,2019-01-29,MU5393,E,1360.0,10,折扣经济舱,2019-01-03 16:14:50 475
B2C_MU_03,MU,SHA,CAN,2019-01-29,MU5393,F,4100.0,4,标准头等舱,2019-01-03 16:14:50 475
B2C_MU_03,MU,SHA,CAN,2019-01-29,MU5393,J,3770.0,4,标准公务舱,2019-01-03 16:14:50 475
B2C_MU_03,MU,SHA,CAN,2019-01-29,MU5393,Y,1620.0,10,标准经济舱,2019-01-03 16:14:50 475
B2C_MU_03,MU,SHA,CAN,2019-01-29,MU9305,W,1620.0,10,超级经济舱,2019-01-03 16:14:50 475
B2C_MU_03,MU,SHA,CAN,2019-01-29,MU9305,B,1600.0,10,折扣经济舱,2019-01-03 16:14:50 475
B2C_MU_03,MU,SHA,CAN,2019-01-29,MU9305,F,4100.0,10,标准头等舱,2019-01-03 16:14:50 475
B2C_MU_03,MU,SHA,CAN,2019-01-29,MU9305,J,3770.0,4,标准公务舱,2019-01-03 16:14:50 475
B2C_MU_03,MU,SHA,CAN,2019-01-29,MU9305,Y,1620.0,10,标准经济舱,2019-01-03 16:14:50 475
B2C_MU_03,MU,SHA,CAN,2019-01-29,MU5303,W,1620.0,10,超级经济舱,2019-01-03 16:14:50 475
B2C_MU_03,MU,SHA,CAN,2019-01-29,MU5303,B,1600.0,10,折扣经济舱,2019-01-03 16:14:50 476
B2C_MU_03,MU,SHA,CAN,2019-01-29,MU5303,F,4100.0,6,标准头等舱,2019-01-03 16:14:50 476
B2C_MU_03,MU,SHA,CAN,2019-01-29,MU5303,J,3770.0,2,标准公务舱,2019-01-03 16:14:50 476
B2C_MU_03,MU,SHA,CAN,2019-01-29,MU5303,Y,1620.0,10,标准经济舱,2019-01-03 16:14:50 476
B2C_MU_03,MU,SHA,CAN,2019-01-29,MU5305,W,1620.0,10,超级经济舱,2019-01-03 16:14:50 476
B2C_MU_03,MU,SHA,CAN,2019-01-29,MU5305,E,1360.0,10,折扣经济舱,2019-01-03 16:14:50 476
B2C_MU_03,MU,SHA,CAN,2019-01-29,MU5305,N,1040.0,10,折扣经济舱,2019-01-03 16:14:50 476
B2C_MU_03,MU,SHA,CAN,2019-01-29,MU5305,F,4100.0,4,标准头等舱,2019-01-03 16:14:50 476
B2C_MU_03,MU,SHA,CAN,2019-01-29,MU5305,J,3770.0,4,标准公务舱,2019-01-03 16:14:50 476
B2C_MU_03,MU,SHA,CAN,2019-01-29,MU5305,Y,1620.0,10,标准经济舱,2019-01-03 16:14:50 476
B2C_MU_03,MU,SHA,CAN,2019-01-29,MU5301,E,1360.0,10,折扣经济舱,2019-01-03 16:14:50 476
B2C_MU_03,MU,SHA,CAN,2019-01-29,MU5301,N,1040.0,10,折扣经济舱,2019-01-03 16:14:50 476
B2C_MU_03,MU,SHA,CAN,2019-01-29,MU5301,Y,1620.0,0,白金卡会员专享国内经济舱,2019-01-03 16:14:50 476
B2C_MU_03,MU,SHA,CAN,2019-01-29,MU9309,W,1620.0,10,超级经济舱,2019-01-03 16:14:50 476
B2C_MU_03,MU,SHA,CAN,2019-01-29,MU9309,E,1360.0,10,折扣经济舱,2019-01-03 16:14:50 476
B2C_MU_03,MU,SHA,CAN,2019-01-29,MU9309,N,1040.0,10,折扣经济舱,2019-01-03 16:14:50 476
B2C_MU_03,MU,SHA,CAN,2019-01-29,MU9309,F,4100.0,5,标准头等舱,2019-01-03 16:14:50 476
B2C_MU_03,MU,SHA,CAN,2019-01-29,MU9309,J,3770.0,3,标准公务舱,2019-01-03 16:14:50 476
B2C_MU_03,MU,SHA,CAN,2019-01-29,MU9309,Y,1620.0,10,标准经济舱,2019-01-03 16:14:50 476
B2C_MU_03,MU,SHA,CAN,2019-01-29,MU5307,W,1620.0,10,超级经济舱,2019-01-03 16:14:50 476
B2C_MU_03,MU,SHA,CAN,2019-01-29,MU5307,E,1360.0,10,折扣经济舱,2019-01-03 16:14:50 476
B2C_MU_03,MU,SHA,CAN,2019-01-29,MU5307,N,1040.0,8,折扣经济舱,2019-01-03 16:14:50 476
B2C_MU_03,MU,SHA,CAN,2019-01-29,MU5307,F,4100.0,5,标准头等舱,2019-01-03 16:14:50 476
B2C_MU_03,MU,SHA,CAN,2019-01-29,MU5307,J,3770.0,3,标准公务舱,2019-01-03 16:14:50 476
B2C_MU_03,MU,SHA,CAN,2019-01-29,MU5307,Y,1620.0,10,标准经济舱,2019-01-03 16:14:50 476
B2C_MU_03,MU,SHA,CAN,2019-01-29,MU9315,E,1360.0,10,折扣经济舱,2019-01-03 16:14:50 476
B2C_MU_03,MU,SHA,CAN,2019-01-29,MU9315,N,1040.0,10,折扣经济舱,2019-01-03 16:14:50 477
B2C_MU_03,MU,SHA,CAN,2019-01-29,MU9315,R,870.0,10,折扣经济舱,2019-01-03 16:14:50 477
B2C_MU_03,MU,SHA,CAN,2019-01-29,MU9315,J,3770.0,8,标准公务舱,2019-01-03 16:14:50 477
B2C_MU_03,MU,SHA,CAN,2019-01-29,MU9315,Y,1620.0,10,标准经济舱,2019-01-03 16:14:50 477
B2C_MU_03,MU,PVG,CAN,2019-01-29,MU9527,W,1620.0,10,超级经济舱,2019-01-03 16:14:50 477
B2C_MU_03,MU,PVG,CAN,2019-01-29,MU9527,E,1360.0,10,折扣经济舱,2019-01-03 16:14:50 477
B2C_MU_03,MU,PVG,CAN,2019-01-29,MU9527,K,1200.0,10,折扣经济舱,2019-01-03 16:14:50 477
B2C_MU_03,MU,PVG,CAN,2019-01-29,MU9527,F,4100.0,4,标准头等舱,2019-01-03 16:14:50 477
B2C_MU_03,MU,PVG,CAN,2019-01-29,MU9527,J,3770.0,4,标准公务舱,2019-01-03 16:14:50 477
B2C_MU_03,MU,PVG,CAN,2019-01-29,MU9527,Y,1620.0,10,标准经济舱,2019-01-03 16:14:50 477
B2C_MU_03,MU,SHA,CAN,2019-01-29,MU5313,W,1620.0,10,超级经济舱,2019-01-03 16:14:50 477
B2C_MU_03,MU,SHA,CAN,2019-01-29,MU5313,E,1360.0,10,折扣经济舱,2019-01-03 16:14:50 477
B2C_MU_03,MU,SHA,CAN,2019-01-29,MU5313,N,1040.0,10,折扣经济舱,2019-01-03 16:14:50 477
B2C_MU_03,MU,SHA,CAN,2019-01-29,MU5313,R,870.0,10,折扣经济舱,2019-01-03 16:14:50 477
B2C_MU_03,MU,SHA,CAN,2019-01-29,MU5313,F,4100.0,5,标准头等舱,2019-01-03 16:14:50 477
B2C_MU_03,MU,SHA,CAN,2019-01-29,MU5313,J,3770.0,3,标准公务舱,2019-01-03 16:14:50 477
B2C_MU_03,MU,SHA,CAN,2019-01-29,MU5313,Y,1620.0,10,标准经济舱,2019-01-03 16:14:50 477
B2C_MU_03,MU,SHA,CAN,2019-01-29,MU9327,E,1360.0,10,折扣经济舱,2019-01-03 16:14:50 477
B2C_MU_03,MU,SHA,CAN,2019-01-29,MU9327,N,1040.0,10,折扣经济舱,2019-01-03 16:14:50 477
B2C_MU_03,MU,SHA,CAN,2019-01-29,MU9327,F,4100.0,10,标准头等舱,2019-01-03 16:14:50 477
B2C_MU_03,MU,SHA,CAN,2019-01-29,MU9327,J,3770.0,10,标准公务舱,2019-01-03 16:14:50 477
B2C_MU_03,MU,SHA,CAN,2019-01-29,MU9327,Y,1620.0,10,标准经济舱,2019-01-03 16:14:50 477
B2C_MU_03,MU,SHA,CAN,2019-01-29,MU9313,W,1620.0,10,超级经济舱,2019-01-03 16:14:50 477
B2C_MU_03,MU,SHA,CAN,2019-01-29,MU9313,E,1360.0,10,折扣经济舱,2019-01-03 16:14:50 477
B2C_MU_03,MU,SHA,CAN,2019-01-29,MU9313,N,1040.0,10,折扣经济舱,2019-01-03 16:14:50 477
B2C_MU_03,MU,SHA,CAN,2019-01-29,MU9313,S,790.0,10,折扣经济舱,2019-01-03 16:14:50 477
B2C_MU_03,MU,SHA,CAN,2019-01-29,MU9313,F,4100.0,3,标准头等舱,2019-01-03 16:14:50 477
B2C_MU_03,MU,SHA,CAN,2019-01-29,MU9313,J,3770.0,5,标准公务舱,2019-01-03 16:14:50 478
B2C_MU_03,MU,SHA,CAN,2019-01-29,MU9313,Y,1620.0,10,标准经济舱,2019-01-03 16:14:50 478
B2C_MU_03,MU,SHA,CAN,2019-01-29,MU5315,W,1620.0,10,超级经济舱,2019-01-03 16:14:50 478
B2C_MU_03,MU,SHA,CAN,2019-01-29,MU5315,E,1360.0,10,折扣经济舱,2019-01-03 16:14:50 478
B2C_MU_03,MU,SHA,CAN,2019-01-29,MU5315,N,1040.0,10,折扣经济舱,2019-01-03 16:14:50 478
B2C_MU_03,MU,SHA,CAN,2019-01-29,MU5315,F,4100.0,3,标准头等舱,2019-01-03 16:14:50 478
B2C_MU_03,MU,SHA,CAN,2019-01-29,MU5315,J,3770.0,5,标准公务舱,2019-01-03 16:14:50 478
B2C_MU_03,MU,SHA,CAN,2019-01-29,MU5315,Y,1620.0,10,标准经济舱,2019-01-03 16:14:50 478
B2C_MU_03,MU,SHA,CAN,2019-01-29,MU5309,W,1620.0,10,超级经济舱,2019-01-03 16:14:50 478
B2C_MU_03,MU,SHA,CAN,2019-01-29,MU5309,E,1360.0,10,折扣经济舱,2019-01-03 16:14:50 478
B2C_MU_03,MU,SHA,CAN,2019-01-29,MU5309,N,1040.0,10,折扣经济舱,2019-01-03 16:14:50 478
B2C_MU_03,MU,SHA,CAN,2019-01-29,MU5309,R,870.0,10,折扣经济舱,2019-01-03 16:14:50 478
B2C_MU_03,MU,SHA,CAN,2019-01-29,MU5309,F,4100.0,2,标准头等舱,2019-01-03 16:14:50 478
B2C_MU_03,MU,SHA,CAN,2019-01-29,MU5309,J,3770.0,6,标准公务舱,2019-01-03 16:14:50 478
B2C_MU_03,MU,SHA,CAN,2019-01-29,MU5309,Y,1620.0,10,标准经济舱,2019-01-03 16:14:50 478
B2C_MU_03,MU,PVG,CAN,2019-01-29,MU9317,E,1360.0,10,折扣经济舱,2019-01-03 16:14:50 478
B2C_MU_03,MU,PVG,CAN,2019-01-29,MU9317,N,1040.0,4,折扣经济舱,2019-01-03 16:14:50 478
B2C_MU_03,MU,PVG,CAN,2019-01-29,MU9317,F,4100.0,1,标准头等舱,2019-01-03 16:14:50 478
B2C_MU_03,MU,PVG,CAN,2019-01-29,MU9317,J,3770.0,5,标准公务舱,2019-01-03 16:14:50 478
B2C_MU_03,MU,PVG,CAN,2019-01-29,MU9317,Y,1620.0,10,标准经济舱,2019-01-03 16:14:50 478
B2C_MU_03,MU,SHA,CAN,2019-01-29,MU5311,W,1620.0,10,超级经济舱,2019-01-03 16:14:50 478
B2C_MU_03,MU,SHA,CAN,2019-01-29,MU5311,E,1360.0,10,折扣经济舱,2019-01-03 16:14:50 478
B2C_MU_03,MU,SHA,CAN,2019-01-29,MU5311,N,1040.0,10,折扣经济舱,2019-01-03 16:14:50 478
B2C_MU_03,MU,SHA,CAN,2019-01-29,MU5311,R,870.0,10,折扣经济舱,2019-01-03 16:14:50 478
B2C_MU_03,MU,SHA,CAN,2019-01-29,MU5311,Y,1620.0,0,白金卡会员专享国内经济舱,2019-01-03 16:14:50 478
B2C_MU_03,MU,KWL,KMG,2019-01-29,MU5339,P,790.0,1,超值头等舱,2019-01-03 16:14:50 805
B2C_MU_03,MU,KWL,KMG,2019-01-29,MU5339,E,760.0,10,折扣经济舱,2019-01-03 16:14:50 806
B2C_MU_03,MU,KWL,KMG,2019-01-29,MU5339,L,470.0,10,折扣经济舱,2019-01-03 16:14:50 806
B2C_MU_03,MU,KWL,KMG,2019-01-29,MU5339,F,2200.0,4,标准头等舱,2019-01-03 16:14:50 806
B2C_MU_03,MU,KWL,KMG,2019-01-29,MU5339,J,1650.0,4,标准公务舱,2019-01-03 16:14:50 806
B2C_MU_03,MU,KWL,KMG,2019-01-29,MU5339,Y,1100.0,10,标准经济舱,2019-01-03 16:14:50 806
B2C_MU_03,MU,SHA,LHW,2019-01-29,MU9213,B,2220.0,10,折扣经济舱,2019-01-03 16:14:52 313
B2C_MU_03,MU,SHA,LHW,2019-01-29,MU9213,F,6720.0,2,标准头等舱,2019-01-03 16:14:52 313
B2C_MU_03,MU,SHA,LHW,2019-01-29,MU9213,Y,2240.0,10,标准经济舱,2019-01-03 16:14:52 313
B2C_MU_03,MU,PVG,LHW,2019-01-29,MU2354,D,2450.0,1,折扣公务舱,2019-01-03 16:14:52 313
B2C_MU_03,MU,PVG,LHW,2019-01-29,MU2354,E,1900.0,10,折扣经济舱,2019-01-03 16:14:52 313
B2C_MU_03,MU,PVG,LHW,2019-01-29,MU2354,K,2020.0,10,折扣经济舱,2019-01-03 16:14:52 313
B2C_MU_03,MU,PVG,LHW,2019-01-29,MU2354,F,6720.0,10,标准头等舱,2019-01-03 16:14:52 313
B2C_MU_03,MU,PVG,LHW,2019-01-29,MU2354,J,4480.0,2,标准公务舱,2019-01-03 16:14:52 313
B2C_MU_03,MU,PVG,LHW,2019-01-29,MU2354,Y,2240.0,10,标准经济舱,2019-01-03 16:14:52 313
B2C_MU_03,MU,PVG,LHW,2019-01-29,MU9221,B,2220.0,10,折扣经济舱,2019-01-03 16:14:52 313
B2C_MU_03,MU,PVG,LHW,2019-01-29,MU9221,F,6720.0,5,标准头等舱,2019-01-03 16:14:52 313
B2C_MU_03,MU,PVG,LHW,2019-01-29,MU9221,Y,2240.0,10,标准经济舱,2019-01-03 16:14:52 313
B2C_MU_03,MU,PVG,LHW,2019-01-29,MU720,Q,2350.0,3,折扣公务舱,2019-01-03 16:14:52 313
B2C_MU_03,MU,PVG,LHW,2019-01-29,MU720,E,1900.0,10,折扣经济舱,2019-01-03 16:14:52 313
B2C_MU_03,MU,PVG,LHW,2019-01-29,MU720,J,4480.0,8,标准公务舱,2019-01-03 16:14:52 314
B2C_MU_03,MU,PVG,LHW,2019-01-29,MU720,Y,2240.0,10,标准经济舱,2019-01-03 16:14:52 314
B2C_MU_03,MU,SHA,LHW,2019-01-29,MU2128,Q,2350.0,2,折扣公务舱,2019-01-03 16:14:52 314
B2C_MU_03,MU,SHA,LHW,2019-01-29,MU2128,E,1900.0,10,折扣经济舱,2019-01-03 16:14:52 314
B2C_MU_03,MU,SHA,LHW,2019-01-29,MU2128,N,1460.0,6,折扣经济舱,2019-01-03 16:14:52 314
B2C_MU_03,MU,SHA,LHW,2019-01-29,MU2128,F,6720.0,4,标准头等舱,2019-01-03 16:14:52 314
B2C_MU_03,MU,SHA,LHW,2019-01-29,MU2128,J,4480.0,4,标准公务舱,2019-01-03 16:14:52 314
B2C_MU_03,MU,SHA,LHW,2019-01-29,MU2128,Y,2240.0,10,标准经济舱,2019-01-03 16:14:52 314
B2C_MU_03,MU,SHA,LHW,2019-01-29,MU9477,B,2220.0,10,折扣经济舱,2019-01-03 16:14:52 314
B2C_MU_03,MU,SHA,LHW,2019-01-29,MU9477,F,6720.0,2,标准头等舱,2019-01-03 16:14:52 314
B2C_MU_03,MU,SHA,LHW,2019-01-29,MU9477,Y,2240.0,10,标准经济舱,2019-01-03 16:14:52 314
B2C_MU_03,MU,NNG,DLC,2019-01-29,MU2774,E,1840.0,10,折扣经济舱,2019-01-03 16:14:52 740
B2C_MU_03,MU,NNG,DLC,2019-01-29,MU2774,F,4320.0,6,标准头等舱,2019-01-03 16:14:52 740
B2C_MU_03,MU,NNG,DLC,2019-01-29,MU2774,J,3240.0,2,标准公务舱,2019-01-03 16:14:52 740
B2C_MU_03,MU,NNG,DLC,2019-01-29,MU2774,Y,2160.0,10,标准经济舱,2019-01-03 16:14:52 740
B2C_MU_03,MU,PVG,SHE,2019-01-29,MU9955,E,1150.0,10,折扣经济舱,2019-01-03 16:14:56 038
B2C_MU_03,MU,PVG,SHE,2019-01-29,MU9955,F,6760.0,4,标准头等舱,2019-01-03 16:14:56 038
B2C_MU_03,MU,PVG,SHE,2019-01-29,MU9955,J,3380.0,6,标准公务舱,2019-01-03 16:14:56 038
B2C_MU_03,MU,PVG,SHE,2019-01-29,MU9955,Y,1690.0,10,标准经济舱,2019-01-03 16:14:56 038
B2C_MU_03,MU,PVG,SHE,2019-01-29,MU9367,W,1690.0,10,超级经济舱,2019-01-03 16:14:56 038
B2C_MU_03,MU,PVG,SHE,2019-01-29,MU9367,E,1150.0,10,折扣经济舱,2019-01-03 16:14:56 038
B2C_MU_03,MU,PVG,SHE,2019-01-29,MU9367,F,6760.0,1,标准头等舱,2019-01-03 16:14:56 038
B2C_MU_03,MU,PVG,SHE,2019-01-29,MU9367,J,3380.0,2,标准公务舱,2019-01-03 16:14:56 038
B2C_MU_03,MU,PVG,SHE,2019-01-29,MU9367,Y,1690.0,10,标准经济舱,2019-01-03 16:14:56 038
B2C_MU_03,MU,PVG,SHE,2019-01-29,MU5466,E,1150.0,10,折扣经济舱,2019-01-03 16:14:56 038
B2C_MU_03,MU,PVG,SHE,2019-01-29,MU5466,K,1060.0,8,折扣经济舱,2019-01-03 16:14:56 038
B2C_MU_03,MU,PVG,SHE,2019-01-29,MU5466,F,6760.0,5,标准头等舱,2019-01-03 16:14:56 038
B2C_MU_03,MU,PVG,SHE,2019-01-29,MU5466,J,3380.0,5,标准公务舱,2019-01-03 16:14:56 038
B2C_MU_03,MU,PVG,SHE,2019-01-29,MU5466,Y,1690.0,10,标准经济舱,2019-01-03 16:14:56 038
B2C_MU_03,MU,PVG,SHE,2019-01-29,MU9187,F,6760.0,4,标准头等舱,2019-01-03 16:14:56 038
B2C_MU_03,MU,PVG,SHE,2019-01-29,MU9187,J,3380.0,2,标准公务舱,2019-01-03 16:14:56 038
B2C_MU_03,MU,PVG,SHE,2019-01-29,MU9187,Y,1690.0,10,标准经济舱,2019-01-03 16:14:56 038
B2C_MU_03,MU,PVG,SHE,2019-01-29,MU9193,E,1150.0,10,折扣经济舱,2019-01-03 16:14:56 038
B2C_MU_03,MU,PVG,SHE,2019-01-29,MU9193,J,3380.0,2,标准公务舱,2019-01-03 16:14:56 038
B2C_MU_03,MU,PVG,SHE,2019-01-29,MU9193,Y,1690.0,10,标准经济舱,2019-01-03 16:14:56 038
B2C_MU_03,MU,PVG,SHE,2019-01-29,MU5607,E,1150.0,10,折扣经济舱,2019-01-03 16:14:56 038
B2C_MU_03,MU,PVG,SHE,2019-01-29,MU5607,K,1060.0,10,折扣经济舱,2019-01-03 16:14:56 038
B2C_MU_03,MU,PVG,SHE,2019-01-29,MU5607,F,6760.0,5,标准头等舱,2019-01-03 16:14:56 039
B2C_MU_03,MU,PVG,SHE,2019-01-29,MU5607,J,3380.0,5,标准公务舱,2019-01-03 16:14:56 039
B2C_MU_03,MU,PVG,SHE,2019-01-29,MU5607,Y,1690.0,10,标准经济舱,2019-01-03 16:14:56 039
B2C_MU_03,MU,SHA,SHE,2019-01-29,MU9185,W,1690.0,4,超级经济舱,2019-01-03 16:14:56 039
B2C_MU_03,MU,SHA,SHE,2019-01-29,MU9185,F,6760.0,3,标准头等舱,2019-01-03 16:14:56 039
B2C_MU_03,MU,SHA,SHE,2019-01-29,MU9185,J,3380.0,2,标准公务舱,2019-01-03 16:14:56 039
B2C_MU_03,MU,SHA,SHE,2019-01-29,MU9185,Y,1690.0,10,标准经济舱,2019-01-03 16:14:56 039
B2C_MU_03,MU,PVG,SHE,2019-01-29,MU5603,F,6760.0,2,标准头等舱,2019-01-03 16:14:56 039
B2C_MU_03,MU,PVG,SHE,2019-01-29,MU5603,J,3380.0,2,标准公务舱,2019-01-03 16:14:56 039
B2C_MU_03,MU,PVG,SHE,2019-01-29,MU5603,Y,1690.0,10,标准经济舱,2019-01-03 16:14:56 039
B2C_MU_03,MU,PVG,SHE,2019-01-29,MU5609,F,6760.0,8,标准头等舱,2019-01-03 16:14:56 039
B2C_MU_03,MU,PVG,SHE,2019-01-29,MU5609,J,3380.0,2,标准公务舱,2019-01-03 16:14:56 039
B2C_MU_03,MU,PVG,SHE,2019-01-29,MU5609,Y,1690.0,10,标准经济舱,2019-01-03 16:14:56 039
B2C_MU_03,MU,DYG,PVG,2019-01-29,MU9344,P,1260.0,1,超值头等舱,2019-01-03 16:15:09 291
B2C_MU_03,MU,DYG,PVG,2019-01-29,MU9344,I,1170.0,1,折扣公务舱,2019-01-03 16:15:09 291
B2C_MU_03,MU,DYG,PVG,2019-01-29,MU9344,E,1120.0,10,折扣经济舱,2019-01-03 16:15:09 291
B2C_MU_03,MU,DYG,PVG,2019-01-29,MU9344,H,380.0,10,折扣经济舱,2019-01-03 16:15:09 291
B2C_MU_03,MU,DYG,PVG,2019-01-29,MU9344,K,980.0,10,折扣经济舱,2019-01-03 16:15:09 291
B2C_MU_03,MU,DYG,PVG,2019-01-29,MU9344,T,300.0,10,折扣经济舱,2019-01-03 16:15:09 291
B2C_MU_03,MU,DYG,PVG,2019-01-29,MU9344,F,3220.0,4,标准头等舱,2019-01-03 16:15:09 291
B2C_MU_03,MU,DYG,PVG,2019-01-29,MU9344,J,2800.0,4,标准公务舱,2019-01-03 16:15:09 291
B2C_MU_03,MU,DYG,PVG,2019-01-29,MU9344,Y,1400.0,0,白金卡会员专享国内经济舱,2019-01-03 16:15:09 291
B2C_MU_03,MU,DYG,PVG,2019-01-29,MU5376,P,1260.0,1,超值头等舱,2019-01-03 16:15:09 291
B2C_MU_03,MU,DYG,PVG,2019-01-29,MU5376,I,1170.0,1,折扣公务舱,2019-01-03 16:15:09 291
B2C_MU_03,MU,DYG,PVG,2019-01-29,MU5376,E,1120.0,10,折扣经济舱,2019-01-03 16:15:09 291
B2C_MU_03,MU,DYG,PVG,2019-01-29,MU5376,H,270.0,10,折扣经济舱,2019-01-03 16:15:09 291
B2C_MU_03,MU,DYG,PVG,2019-01-29,MU5376,N,840.0,10,折扣经济舱,2019-01-03 16:15:09 291
B2C_MU_03,MU,DYG,PVG,2019-01-29,MU5376,R,700.0,10,折扣经济舱,2019-01-03 16:15:09 291
B2C_MU_03,MU,DYG,PVG,2019-01-29,MU5376,T,180.0,10,折扣经济舱,2019-01-03 16:15:09 291
B2C_MU_03,MU,DYG,PVG,2019-01-29,MU5376,F,3220.0,4,标准头等舱,2019-01-03 16:15:09 291
B2C_MU_03,MU,DYG,PVG,2019-01-29,MU5376,J,2800.0,4,标准公务舱,2019-01-03 16:15:09 291
B2C_MU_03,MU,DYG,PVG,2019-01-29,MU5376,Y,1400.0,0,白金卡会员专享国内经济舱,2019-01-03 16:15:09 291
B2C_MU_03,MU,DYG,PVG,2019-01-29,MU9342,P,1260.0,1,超值头等舱,2019-01-03 16:15:09 291
B2C_MU_03,MU,DYG,PVG,2019-01-29,MU9342,I,1170.0,1,折扣公务舱,2019-01-03 16:15:09 291
B2C_MU_03,MU,DYG,PVG,2019-01-29,MU9342,E,1120.0,10,折扣经济舱,2019-01-03 16:15:09 291
B2C_MU_03,MU,DYG,PVG,2019-01-29,MU9342,H,260.0,10,折扣经济舱,2019-01-03 16:15:09 291
B2C_MU_03,MU,DYG,PVG,2019-01-29,MU9342,N,840.0,10,折扣经济舱,2019-01-03 16:15:09 291
B2C_MU_03,MU,DYG,PVG,2019-01-29,MU9342,R,700.0,10,折扣经济舱,2019-01-03 16:15:09 291
B2C_MU_03,MU,DYG,PVG,2019-01-29,MU9342,T,170.0,10,折扣经济舱,2019-01-03 16:15:09 291
B2C_MU_03,MU,DYG,PVG,2019-01-29,MU9342,F,3220.0,4,标准头等舱,2019-01-03 16:15:09 291
B2C_MU_03,MU,DYG,PVG,2019-01-29,MU9342,J,2800.0,4,标准公务舱,2019-01-03 16:15:09 291
B2C_MU_03,MU,DYG,PVG,2019-01-29,MU9342,Y,1400.0,0,白金卡会员专享国内经济舱,2019-01-03 16:15:09 291
B2C_MU_03,MU,TAO,KMG,2019-02-02,MU5497,B,2500.0,6,折扣经济舱,2019-01-03 17:09:51 856
B2C_MU_03,MU,TAO,KMG,2019-02-02,MU5497,J,3990.0,1,标准公务舱,2019-01-03 17:09:51 856
B2C_MU_03,MU,TAO,KMG,2019-02-02,MU5497,Y,2660.0,10,标准经济舱,2019-01-03 17:09:51 856
B2C_MU_03,MU,TAO,KMG,2019-02-02,MU5479,B,2500.0,10,折扣经济舱,2019-01-03 17:09:51 856
B2C_MU_03,MU,TAO,KMG,2019-02-02,MU5479,F,5850.0,3,标准头等舱,2019-01-03 17:09:51 857
B2C_MU_03,MU,TAO,KMG,2019-02-02,MU5479,J,3990.0,2,标准公务舱,2019-01-03 17:09:51 857
B2C_MU_03,MU,TAO,KMG,2019-02-02,MU5479,Y,2660.0,10,标准经济舱,2019-01-03 17:09:51 857
B2C_MU_03,MU,TAO,KMG,2019-02-02,MU5870,B,2500.0,10,折扣经济舱,2019-01-03 17:09:51 857
B2C_MU_03,MU,TAO,KMG,2019-02-02,MU5870,Y,2660.0,10,标准经济舱,2019-01-03 17:09:51 857
B2C_MU_03,MU,SHE,XIY,2019-02-02,MU2164,I,1320.0,1,折扣公务舱,2019-01-03 17:09:52 294
B2C_MU_03,MU,SHE,XIY,2019-02-02,MU2164,E,1240.0,10,折扣经济舱,2019-01-03 17:09:52 294
B2C_MU_03,MU,SHE,XIY,2019-02-02,MU2164,N,910.0,10,折扣经济舱,2019-01-03 17:09:52 294
B2C_MU_03,MU,SHE,XIY,2019-02-02,MU2164,F,5040.0,3,标准头等舱,2019-01-03 17:09:52 294
B2C_MU_03,MU,SHE,XIY,2019-02-02,MU2164,J,3360.0,4,标准公务舱,2019-01-03 17:09:52 295
B2C_MU_03,MU,SHE,XIY,2019-02-02,MU2164,Y,1680.0,10,标准经济舱,2019-01-03 17:09:52 295
B2C_MU_03,MU,SHE,XIY,2019-02-02,MU2264,P,1270.0,1,超值头等舱,2019-01-03 17:09:52 295
B2C_MU_03,MU,SHE,XIY,2019-02-02,MU2264,I,1320.0,1,折扣公务舱,2019-01-03 17:09:52 295
B2C_MU_03,MU,SHE,XIY,2019-02-02,MU2264,W,1680.0,10,超级经济舱,2019-01-03 17:09:52 295
B2C_MU_03,MU,SHE,XIY,2019-02-02,MU2264,E,1240.0,10,折扣经济舱,2019-01-03 17:09:52 295
B2C_MU_03,MU,SHE,XIY,2019-02-02,MU2264,N,910.0,10,折扣经济舱,2019-01-03 17:09:52 295
B2C_MU_03,MU,SHE,XIY,2019-02-02,MU2264,R,820.0,10,折扣经济舱,2019-01-03 17:09:52 295
B2C_MU_03,MU,SHE,XIY,2019-02-02,MU2264,F,5040.0,4,标准头等舱,2019-01-03 17:09:52 295
B2C_MU_03,MU,SHE,XIY,2019-02-02,MU2264,J,3360.0,4,标准公务舱,2019-01-03 17:09:52 295
B2C_MU_03,MU,SHE,XIY,2019-02-02,MU2264,Y,1680.0,10,标准经济舱,2019-01-03 17:09:52 295
B2C_MU_03,MU,CKG,WNZ,2019-02-02,MU5398,C,1380.0,1,折扣公务舱,2019-01-03 17:09:52 796
B2C_MU_03,MU,CKG,WNZ,2019-02-02,MU5398,E,1210.0,10,折扣经济舱,2019-01-03 17:09:52 796
B2C_MU_03,MU,CKG,WNZ,2019-02-02,MU5398,L,900.0,10,折扣经济舱,2019-01-03 17:09:52 796
B2C_MU_03,MU,CKG,WNZ,2019-02-02,MU5398,F,3060.0,6,标准头等舱,2019-01-03 17:09:52 796
B2C_MU_03,MU,CKG,WNZ,2019-02-02,MU5398,J,2300.0,5,标准公务舱,2019-01-03 17:09:52 796
B2C_MU_03,MU,CKG,WNZ,2019-02-02,MU5398,Y,1530.0,10,标准经济舱,2019-01-03 17:09:52 796
B2C_MU_03,MU,CKG,WNZ,2019-02-02,MU9244,P,1160.0,2,超值头等舱,2019-01-03 17:09:52 796
B2C_MU_03,MU,CKG,WNZ,2019-02-02,MU9244,E,1210.0,10,折扣经济舱,2019-01-03 17:09:52 796
B2C_MU_03,MU,CKG,WNZ,2019-02-02,MU9244,N,750.0,10,折扣经济舱,2019-01-03 17:09:52 796
B2C_MU_03,MU,CKG,WNZ,2019-02-02,MU9244,R,600.0,10,折扣经济舱,2019-01-03 17:09:52 796
B2C_MU_03,MU,CKG,WNZ,2019-02-02,MU9244,F,3060.0,6,标准头等舱,2019-01-03 17:09:52 796
B2C_MU_03,MU,CKG,WNZ,2019-02-02,MU9244,Y,1530.0,10,标准经济舱,2019-01-03 17:09:52 796
B2C_MU_03,FM,CKG,WNZ,2019-02-02,FM9244A,E,1210.0,10,折扣经济舱,2019-01-03 17:09:52 796
B2C_MU_03,FM,CKG,WNZ,2019-02-02,FM9244A,N,750.0,10,折扣经济舱,2019-01-03 17:09:52 796
B2C_MU_03,FM,CKG,WNZ,2019-02-02,FM9244A,R,600.0,10,折扣经济舱,2019-01-03 17:09:52 796
B2C_MU_03,FM,CKG,WNZ,2019-02-02,FM9244A,F,3060.0,8,标准头等舱,2019-01-03 17:09:52 796
B2C_MU_03,FM,CKG,WNZ,2019-02-02,FM9244A,Y,1530.0,10,标准经济舱,2019-01-03 17:09:52 796
B2C_MU_03,MU,JGN,NKG,2019-02-02,MU9679,E,1750.0,5,折扣经济舱,2019-01-03 17:09:53 021
B2C_MU_03,MU,JGN,NKG,2019-02-02,MU9679,N,1320.0,5,折扣经济舱,2019-01-03 17:09:53 022
B2C_MU_03,MU,JGN,NKG,2019-02-02,MU9679,R,1100.0,6,折扣经济舱,2019-01-03 17:09:53 022
B2C_MU_03,MU,JGN,NKG,2019-02-02,MU9679,F,4320.0,6,标准头等舱,2019-01-03 17:09:53 022
B2C_MU_03,MU,JGN,NKG,2019-02-02,MU9679,J,3240.0,2,标准公务舱,2019-01-03 17:09:53 022
B2C_MU_03,MU,JGN,NKG,2019-02-02,MU9679,Y,2160.0,10,标准经济舱,2019-01-03 17:09:53 022
B2C_MU_03,MU,PEK,LYA,2019-02-02,MU5693,B,850.0,10,折扣经济舱,2019-01-03 17:09:53 064
B2C_MU_03,MU,PEK,LYA,2019-02-02,MU5693,F,2670.0,8,标准头等舱,2019-01-03 17:09:53 064
B2C_MU_03,MU,PEK,LYA,2019-02-02,MU5693,J,2240.0,4,标准公务舱,2019-01-03 17:09:53 064
B2C_MU_03,MU,PEK,LYA,2019-02-02,MU5693,Y,860.0,10,标准经济舱,2019-01-03 17:09:53 064
B2C_MU_03,MU,PEK,LYA,2019-02-02,MU5695,B,850.0,10,折扣经济舱,2019-01-03 17:09:53 064
B2C_MU_03,MU,PEK,LYA,2019-02-02,MU5695,F,2670.0,6,标准头等舱,2019-01-03 17:09:53 064
B2C_MU_03,MU,PEK,LYA,2019-02-02,MU5695,Y,860.0,10,标准经济舱,2019-01-03 17:09:53 064
B2C_MU_03,MU,CTU,KHN,2019-02-02,MU5569,D,1410.0,2,折扣公务舱,2019-01-03 17:09:54 297
B2C_MU_03,MU,CTU,KHN,2019-02-02,MU5569,B,1280.0,10,折扣经济舱,2019-01-03 17:09:54 297
B2C_MU_03,MU,CTU,KHN,2019-02-02,MU5569,F,3870.0,4,标准头等舱,2019-01-03 17:09:54 297
B2C_MU_03,MU,CTU,KHN,2019-02-02,MU5569,J,2060.0,2,标准公务舱,2019-01-03 17:09:54 297
B2C_MU_03,MU,CTU,KHN,2019-02-02,MU5569,Y,1290.0,10,标准经济舱,2019-01-03 17:09:54 297
B2C_MU_03,MU,KHN,PVG,2019-02-02,MU5466,E,760.0,10,折扣经济舱,2019-01-03 17:10:02 901
B2C_MU_03,MU,KHN,PVG,2019-02-02,MU5466,N,530.0,10,折扣经济舱,2019-01-03 17:10:02 901
B2C_MU_03,MU,KHN,PVG,2019-02-02,MU5466,V,350.0,10,折扣经济舱,2019-01-03 17:10:02 902
B2C_MU_03,MU,KHN,PVG,2019-02-02,MU5466,T,220.0,10,折扣经济舱,2019-01-03 17:10:02 902
B2C_MU_03,MU,KHN,PVG,2019-02-02,MU5466,Z,220.0,10,超值经济舱,2019-01-03 17:10:02 902
B2C_MU_03,MU,KHN,PVG,2019-02-02,MU5466,F,2760.0,5,标准头等舱,2019-01-03 17:10:02 902
B2C_MU_03,MU,KHN,PVG,2019-02-02,MU5466,J,1780.0,5,标准公务舱,2019-01-03 17:10:02 902
B2C_MU_03,MU,KHN,PVG,2019-02-02,MU5466,Y,890.0,10,标准经济舱,2019-01-03 17:10:02 902
B2C_MU_03,MU,KHN,SHA,2019-02-02,MU9246,W,890.0,10,超级经济舱,2019-01-03 17:10:02 902
B2C_MU_03,MU,KHN,SHA,2019-02-02,MU9246,E,760.0,10,折扣经济舱,2019-01-03 17:10:02 902
B2C_MU_03,MU,KHN,SHA,2019-02-02,MU9246,N,530.0,10,折扣经济舱,2019-01-03 17:10:02 902
B2C_MU_03,MU,KHN,SHA,2019-02-02,MU9246,V,350.0,10,折扣经济舱,2019-01-03 17:10:02 902
B2C_MU_03,MU,KHN,SHA,2019-02-02,MU9246,Z,260.0,10,超值经济舱,2019-01-03 17:10:02 902
B2C_MU_03,MU,KHN,SHA,2019-02-02,MU9246,F,2760.0,4,标准头等舱,2019-01-03 17:10:02 902
B2C_MU_03,MU,KHN,SHA,2019-02-02,MU9246,J,1780.0,4,标准公务舱,2019-01-03 17:10:02 902
B2C_MU_03,MU,KHN,SHA,2019-02-02,MU9246,Y,890.0,10,标准经济舱,2019-01-03 17:10:02 902
B2C_MU_03,MU,KHN,SHA,2019-02-02,MU5560,E,760.0,10,折扣经济舱,2019-01-03 17:10:02 902
B2C_MU_03,MU,KHN,SHA,2019-02-02,MU5560,N,530.0,10,折扣经济舱,2019-01-03 17:10:02 902
B2C_MU_03,MU,KHN,SHA,2019-02-02,MU5560,V,350.0,10,折扣经济舱,2019-01-03 17:10:02 902
B2C_MU_03,MU,KHN,SHA,2019-02-02,MU5560,T,290.0,10,折扣经济舱,2019-01-03 17:10:02 902
B2C_MU_03,MU,KHN,SHA,2019-02-02,MU5560,Z,260.0,7,超值经济舱,2019-01-03 17:10:02 902
B2C_MU_03,MU,KHN,SHA,2019-02-02,MU5560,F,2760.0,4,标准头等舱,2019-01-03 17:10:02 902
B2C_MU_03,MU,KHN,SHA,2019-02-02,MU5560,J,1780.0,4,标准公务舱,2019-01-03 17:10:02 902
B2C_MU_03,MU,KHN,SHA,2019-02-02,MU5560,Y,890.0,10,标准经济舱,2019-01-03 17:10:02 902
B2C_MU_03,MU,KHN,PVG,2019-02-02,MU5532,I,700.0,2,折扣公务舱,2019-01-03 17:10:02 902
B2C_MU_03,MU,KHN,PVG,2019-02-02,MU5532,W,890.0,10,超级经济舱,2019-01-03 17:10:02 902
B2C_MU_03,MU,KHN,PVG,2019-02-02,MU5532,E,760.0,10,折扣经济舱,2019-01-03 17:10:02 902
B2C_MU_03,MU,KHN,PVG,2019-02-02,MU5532,N,530.0,10,折扣经济舱,2019-01-03 17:10:02 903
B2C_MU_03,MU,KHN,PVG,2019-02-02,MU5532,V,350.0,10,折扣经济舱,2019-01-03 17:10:02 903
B2C_MU_03,MU,KHN,PVG,2019-02-02,MU5532,T,200.0,10,折扣经济舱,2019-01-03 17:10:02 903
B2C_MU_03,MU,KHN,PVG,2019-02-02,MU5532,Z,240.0,10,超值经济舱,2019-01-03 17:10:02 903
B2C_MU_03,MU,KHN,PVG,2019-02-02,MU5532,F,2760.0,6,标准头等舱,2019-01-03 17:10:02 903
B2C_MU_03,MU,KHN,PVG,2019-02-02,MU5532,J,1780.0,2,标准公务舱,2019-01-03 17:10:02 903
B2C_MU_03,MU,KHN,PVG,2019-02-02,MU5532,Y,890.0,10,标准经济舱,2019-01-03 17:10:02 903
B2C_MU_03,MU,SHA,LYA,2019-02-02,MU5389,F,2230.0,2,标准头等舱,2019-01-03 17:10:02 932
B2C_MU_03,MU,SHA,LYA,2019-02-02,MU5389,J,1940.0,8,标准公务舱,2019-01-03 17:10:02 932
B2C_MU_03,MU,SHA,LYA,2019-02-02,MU5696,F,2230.0,6,标准头等舱,2019-01-03 17:10:02 932
B2C_MU_03,MU,CGO,PVG,2019-02-02,MU9328,P,1260.0,1,超值头等舱,2019-01-03 17:10:04 060
B2C_MU_03,MU,CGO,PVG,2019-02-02,MU9328,I,1360.0,1,折扣公务舱,2019-01-03 17:10:04 060
B2C_MU_03,MU,CGO,PVG,2019-02-02,MU9328,E,1040.0,10,折扣经济舱,2019-01-03 17:10:04 060
B2C_MU_03,MU,CGO,PVG,2019-02-02,MU9328,N,840.0,10,折扣经济舱,2019-01-03 17:10:04 060
B2C_MU_03,MU,CGO,PVG,2019-02-02,MU9328,V,590.0,10,折扣经济舱,2019-01-03 17:10:04 060
B2C_MU_03,MU,CGO,PVG,2019-02-02,MU9328,T,230.0,2,折扣经济舱,2019-01-03 17:10:04 060
B2C_MU_03,MU,CGO,PVG,2019-02-02,MU9328,F,4060.0,1,标准头等舱,2019-01-03 17:10:04 060
B2C_MU_03,MU,CGO,PVG,2019-02-02,MU9328,J,3360.0,6,标准公务舱,2019-01-03 17:10:04 060
B2C_MU_03,MU,CGO,PVG,2019-02-02,MU9328,Y,1400.0,10,标准经济舱,2019-01-03 17:10:04 060
B2C_MU_03,MU,CGO,PVG,2019-02-02,MU9346,P,1260.0,1,超值头等舱,2019-01-03 17:10:04 060
B2C_MU_03,MU,CGO,PVG,2019-02-02,MU9346,I,1360.0,1,折扣公务舱,2019-01-03 17:10:04 060
B2C_MU_03,MU,CGO,PVG,2019-02-02,MU9346,E,1040.0,10,折扣经济舱,2019-01-03 17:10:04 060
B2C_MU_03,MU,CGO,PVG,2019-02-02,MU9346,N,840.0,10,折扣经济舱,2019-01-03 17:10:04 060
B2C_MU_03,MU,CGO,PVG,2019-02-02,MU9346,V,590.0,10,折扣经济舱,2019-01-03 17:10:04 060
B2C_MU_03,MU,CGO,PVG,2019-02-02,MU9346,T,280.0,4,折扣经济舱,2019-01-03 17:10:04 060
B2C_MU_03,MU,CGO,PVG,2019-02-02,MU9346,F,4060.0,3,标准头等舱,2019-01-03 17:10:04 060
B2C_MU_03,MU,CGO,PVG,2019-02-02,MU9346,J,3360.0,4,标准公务舱,2019-01-03 17:10:04 060
B2C_MU_03,MU,CGO,PVG,2019-02-02,MU9346,Y,1400.0,10,标准经济舱,2019-01-03 17:10:04 060
B2C_MU_03,MU,CGO,SHA,2019-02-02,MU5396,P,1540.0,1,超值头等舱,2019-01-03 17:10:04 061
B2C_MU_03,MU,CGO,SHA,2019-02-02,MU5396,I,1390.0,1,折扣公务舱,2019-01-03 17:10:04 061
B2C_MU_03,MU,CGO,SHA,2019-02-02,MU5396,W,1400.0,10,超级经济舱,2019-01-03 17:10:04 061
B2C_MU_03,MU,CGO,SHA,2019-02-02,MU5396,E,1040.0,10,折扣经济舱,2019-01-03 17:10:04 061
B2C_MU_03,MU,CGO,SHA,2019-02-02,MU5396,N,840.0,10,折扣经济舱,2019-01-03 17:10:04 061
B2C_MU_03,MU,CGO,SHA,2019-02-02,MU5396,R,770.0,10,折扣经济舱,2019-01-03 17:10:04 061
B2C_MU_03,MU,CGO,SHA,2019-02-02,MU5396,F,4060.0,4,标准头等舱,2019-01-03 17:10:04 061
B2C_MU_03,MU,CGO,SHA,2019-02-02,MU5396,J,3360.0,4,标准公务舱,2019-01-03 17:10:04 061
B2C_MU_03,MU,CGO,SHA,2019-02-02,MU5396,Y,1400.0,10,标准经济舱,2019-01-03 17:10:04 061
B2C_MU_03,MU,CGO,SHA,2019-02-02,MU9330,P,1490.0,2,超值头等舱,2019-01-03 17:10:04 061
B2C_MU_03,MU,CGO,SHA,2019-02-02,MU9330,I,1390.0,1,折扣公务舱,2019-01-03 17:10:04 061
B2C_MU_03,MU,CGO,SHA,2019-02-02,MU9330,E,1040.0,10,折扣经济舱,2019-01-03 17:10:04 061
B2C_MU_03,MU,CGO,SHA,2019-02-02,MU9330,N,840.0,10,折扣经济舱,2019-01-03 17:10:04 061
B2C_MU_03,MU,CGO,SHA,2019-02-02,MU9330,V,590.0,10,折扣经济舱,2019-01-03 17:10:04 061
B2C_MU_03,MU,CGO,SHA,2019-02-02,MU9330,F,4060.0,5,标准头等舱,2019-01-03 17:10:04 061
B2C_MU_03,MU,CGO,SHA,2019-02-02,MU9330,J,3360.0,3,标准公务舱,2019-01-03 17:10:04 061
B2C_MU_03,MU,CGO,SHA,2019-02-02,MU9330,Y,1400.0,10,标准经济舱,2019-01-03 17:10:04 061
B2C_MU_03,MU,CGO,SHA,2019-02-02,MU9376,P,1490.0,2,超值头等舱,2019-01-03 17:10:04 061
B2C_MU_03,MU,CGO,SHA,2019-02-02,MU9376,I,1390.0,1,折扣公务舱,2019-01-03 17:10:04 061
B2C_MU_03,MU,CGO,SHA,2019-02-02,MU9376,E,1040.0,10,折扣经济舱,2019-01-03 17:10:04 061
B2C_MU_03,MU,CGO,SHA,2019-02-02,MU9376,N,840.0,10,折扣经济舱,2019-01-03 17:10:04 061
B2C_MU_03,MU,CGO,SHA,2019-02-02,MU9376,V,590.0,10,折扣经济舱,2019-01-03 17:10:04 061
B2C_MU_03,MU,CGO,SHA,2019-02-02,MU9376,T,350.0,10,折扣经济舱,2019-01-03 17:10:04 061
B2C_MU_03,MU,CGO,SHA,2019-02-02,MU9376,F,4060.0,5,标准头等舱,2019-01-03 17:10:04 061
B2C_MU_03,MU,CGO,SHA,2019-02-02,MU9376,J,3360.0,6,标准公务舱,2019-01-03 17:10:04 061
B2C_MU_03,MU,CGO,SHA,2019-02-02,MU9376,Y,1400.0,10,标准经济舱,2019-01-03 17:10:04 061
B2C_MU_03,MU,CGO,PVG,2019-02-02,MU5394,P,1260.0,2,超值头等舱,2019-01-03 17:10:04 061
B2C_MU_03,MU,CGO,PVG,2019-02-02,MU5394,I,1360.0,1,折扣公务舱,2019-01-03 17:10:04 061
B2C_MU_03,MU,CGO,PVG,2019-02-02,MU5394,E,1040.0,10,折扣经济舱,2019-01-03 17:10:04 061
B2C_MU_03,MU,CGO,PVG,2019-02-02,MU5394,N,840.0,10,折扣经济舱,2019-01-03 17:10:04 061
B2C_MU_03,MU,CGO,PVG,2019-02-02,MU5394,V,590.0,10,折扣经济舱,2019-01-03 17:10:04 061
B2C_MU_03,MU,CGO,PVG,2019-02-02,MU5394,T,280.0,10,折扣经济舱,2019-01-03 17:10:04 061
B2C_MU_03,MU,CGO,PVG,2019-02-02,MU5394,F,4060.0,5,标准头等舱,2019-01-03 17:10:04 061
B2C_MU_03,MU,CGO,PVG,2019-02-02,MU5394,J,3360.0,7,标准公务舱,2019-01-03 17:10:04 061
B2C_MU_03,MU,CGO,PVG,2019-02-02,MU5394,Y,1400.0,10,标准经济舱,2019-01-03 17:10:04 061
B2C_MU_03,MU,CGO,SHA,2019-02-02,MU9478,P,1490.0,4,超值头等舱,2019-01-03 17:10:04 061
B2C_MU_03,MU,CGO,SHA,2019-02-02,MU9478,E,1040.0,10,折扣经济舱,2019-01-03 17:10:04 061
B2C_MU_03,MU,CGO,SHA,2019-02-02,MU9478,N,840.0,10,折扣经济舱,2019-01-03 17:10:04 061
B2C_MU_03,MU,CGO,SHA,2019-02-02,MU9478,V,590.0,10,折扣经济舱,2019-01-03 17:10:04 061
B2C_MU_03,MU,CGO,SHA,2019-02-02,MU9478,Z,350.0,1,超值经济舱,2019-01-03 17:10:04 062
B2C_MU_03,MU,CGO,SHA,2019-02-02,MU9478,F,4060.0,4,标准头等舱,2019-01-03 17:10:04 062
B2C_MU_03,MU,CGO,SHA,2019-02-02,MU9478,J,3360.0,4,标准公务舱,2019-01-03 17:10:04 062
B2C_MU_03,MU,CGO,SHA,2019-02-02,MU9478,Y,1400.0,10,标准经济舱,2019-01-03 17:10:04 062
B2C_MU_03,FM,CGO,PVG,2019-02-02,FM821,I,1250.0,1,折扣公务舱,2019-01-03 17:10:04 062
B2C_MU_03,FM,CGO,PVG,2019-02-02,FM821,E,1040.0,10,折扣经济舱,2019-01-03 17:10:04 062
B2C_MU_03,FM,CGO,PVG,2019-02-02,FM821,N,840.0,10,折扣经济舱,2019-01-03 17:10:04 062
B2C_MU_03,FM,CGO,PVG,2019-02-02,FM821,V,590.0,10,折扣经济舱,2019-01-03 17:10:04 062
B2C_MU_03,FM,CGO,PVG,2019-02-02,FM821,J,3360.0,2,标准公务舱,2019-01-03 17:10:04 062
B2C_MU_03,FM,CGO,PVG,2019-02-02,FM821,Y,1400.0,10,标准经济舱,2019-01-03 17:10:04 062
B2C_MU_03,FM,CGO,PVG,2019-02-02,FM9390,W,1400.0,10,超级经济舱,2019-01-03 17:10:04 062
B2C_MU_03,FM,CGO,PVG,2019-02-02,FM9390,E,1040.0,10,折扣经济舱,2019-01-03 17:10:04 062
B2C_MU_03,FM,CGO,PVG,2019-02-02,FM9390,N,840.0,10,折扣经济舱,2019-01-03 17:10:04 062
B2C_MU_03,FM,CGO,PVG,2019-02-02,FM9390,R,770.0,8,折扣经济舱,2019-01-03 17:10:04 062
B2C_MU_03,FM,CGO,PVG,2019-02-02,FM9390,F,4060.0,6,标准头等舱,2019-01-03 17:10:04 062
B2C_MU_03,FM,CGO,PVG,2019-02-02,FM9390,J,3360.0,2,标准公务舱,2019-01-03 17:10:04 062
B2C_MU_03,FM,CGO,PVG,2019-02-02,FM9390,Y,1400.0,10,标准经济舱,2019-01-03 17:10:04 062
B2C_MU_03,MU,HXD,XNN,2019-02-02,MU2242,B,500.0,10,折扣经济舱,2019-01-03 17:10:05 374
B2C_MU_03,MU,HXD,XNN,2019-02-02,MU2242,F,1000.0,4,标准头等舱,2019-01-03 17:10:05 374
B2C_MU_03,MU,HXD,XNN,2019-02-02,MU2242,J,750.0,4,标准公务舱,2019-01-03 17:10:05 374
B2C_MU_03,MU,HXD,XNN,2019-02-02,MU2242,Y,500.0,10,标准经济舱,2019-01-03 17:10:05 374
B2C_MU_03,MU,HRB,UYN,2019-02-02,MU2212,P,1360.0,2,超值头等舱,2019-01-03 17:10:05 848
B2C_MU_03,MU,HRB,UYN,2019-02-02,MU2212,I,1420.0,2,折扣公务舱,2019-01-03 17:10:05 848
B2C_MU_03,MU,HRB,UYN,2019-02-02,MU2212,E,1400.0,10,折扣经济舱,2019-01-03 17:10:05 848
B2C_MU_03,MU,HRB,UYN,2019-02-02,MU2212,N,810.0,10,折扣经济舱,2019-01-03 17:10:05 848
B2C_MU_03,MU,HRB,UYN,2019-02-02,MU2212,R,650.0,10,折扣经济舱,2019-01-03 17:10:05 848
B2C_MU_03,MU,HRB,UYN,2019-02-02,MU2212,T,630.0,8,折扣经济舱,2019-01-03 17:10:05 848
B2C_MU_03,MU,HRB,UYN,2019-02-02,MU2212,F,5400.0,3,标准头等舱,2019-01-03 17:10:05 848
B2C_MU_03,MU,HRB,UYN,2019-02-02,MU2212,J,2700.0,4,标准公务舱,2019-01-03 17:10:05 848
B2C_MU_03,MU,HRB,UYN,2019-02-02,MU2212,Y,1800.0,10,标准经济舱,2019-01-03 17:10:05 848
B2C_MU_03,MU,AQG,SHA,2019-02-02,MU5540,Q,580.0,1,折扣公务舱,2019-01-03 17:10:09 028
B2C_MU_03,MU,AQG,SHA,2019-02-02,MU5540,E,470.0,10,折扣经济舱,2019-01-03 17:10:09 028
B2C_MU_03,MU,AQG,SHA,2019-02-02,MU5540,N,360.0,10,折扣经济舱,2019-01-03 17:10:09 028
B2C_MU_03,MU,AQG,SHA,2019-02-02,MU5540,R,310.0,10,折扣经济舱,2019-01-03 17:10:09 028
B2C_MU_03,MU,AQG,SHA,2019-02-02,MU5540,F,1270.0,2,标准头等舱,2019-01-03 17:10:09 028
B2C_MU_03,MU,AQG,SHA,2019-02-02,MU5540,J,1100.0,4,标准公务舱,2019-01-03 17:10:09 028
B2C_MU_03,MU,AQG,SHA,2019-02-02,MU5540,Y,550.0,10,标准经济舱,2019-01-03 17:10:09 028
